rank_10t,rank_8t,rank_12t,player,team,pos,gp,team_gp,fp_per_game,fp_actual_pg,fp_prior_pg,fp_l14_pg,proj_games_rest,proj_fp_rest,vor_10t,g_pg,a_pg,shp_pg,sog_pg,hit_pg,blk_pg,g,a,shp,sog,hit,blk,starts,start_share,w_pg,sv_pg,ga_pg,so_pg,w,sv,ga,so,sv_pct,in_prior,note
1,1,1,Nathan MacKinnon,COL,C,1,1,8.02,13.50,7.81,13.00,71.90,576.41,262.32,0.584,0.917,0.000,4.375,0.809,0.499,2,0,0,8,2,0,,,,,,,,,,,,Y,
2,2,2,Connor McDavid,EDM,C,2,2,7.89,13.62,7.60,13.00,69.49,548.21,234.12,0.497,1.201,0.040,3.250,0.517,0.431,1,6,1,3,1,2,,,,,,,,,,,,Y,
3,3,3,Evan Bouchard,EDM,D,2,2,6.27,18.50,5.53,17.50,72.50,454.88,220.67,0.281,0.893,0.016,3.069,0.469,1.296,4,4,0,10,2,3,,,,,,,,,,,,Y,
4,4,4,Macklin Celebrini,SJS,C,1,1,7.38,15.00,7.10,14.50,70.39,519.29,205.20,0.497,0.877,0.024,3.938,0.554,0.706,0,3,1,7,0,1,,,,,,,,,,,,Y,
5,5,5,Zach Werenski,CBJ,D,1,1,6.05,8.00,6.01,7.50,71.24,430.66,196.44,0.243,0.799,0.022,3.510,0.308,1.358,0,2,0,3,0,1,,,,,,,,,,,,Y,
6,7,6,Nikita Kucherov,TBL,RW,1,1,6.94,5.50,7.01,5.00,70.77,490.95,181.79,0.474,1.016,0.008,2.854,0.373,0.442,1,0,0,1,0,1,,,,,,,,,,,,Y,
7,6,7,Cale Makar,COL,D,1,1,5.79,8.00,5.73,6.50,71.05,411.53,177.31,0.223,0.816,0.014,2.692,0.481,1.691,0,2,0,1,0,3,,,,,,,,,,,,Y,
8,8,8,David Pastrnak,BOS,RW,2,2,6.55,5.38,6.60,5.00,71.53,468.72,159.56,0.406,0.848,0.000,3.527,0.889,0.390,0,2,0,8,1,1,,,,,,,,,,,,Y,
9,9,9,Kyle Connor,WPG,LW,1,1,6.39,13.25,6.05,12.00,72.93,466.37,156.48,0.477,0.668,0.032,3.669,0.432,0.474,1,1,0,9,1,2,,,,,,,,,,,,Y,
10,10,10,Jack Eichel,VGK,C,2,2,6.58,9.62,6.45,9.25,69.84,459.30,145.21,0.394,0.915,0.034,3.182,0.421,0.588,1,4,0,4,1,1,,,,,,,,,,,,Y,
11,11,11,Leon Draisaitl,EDM,"C,LW",2,2,6.79,10.00,6.58,10.00,66.82,453.61,143.72,0.526,0.863,0.009,3.200,0.374,0.245,2,2,0,10,0,0,,,,,,,,,,,,Y,
12,12,12,Quinn Hughes,MIN,D,1,1,5.42,5.50,5.41,5.50,68.13,369.46,135.25,0.146,0.937,0.000,2.824,0.115,1.027,0,1,0,5,0,0,,,,,,,,,,,,Y,
13,15,13,Kirill Kaprizov,MIN,LW,1,1,6.25,6.25,6.27,6.00,69.73,435.83,125.94,0.541,0.590,0.000,3.440,0.641,0.334,1,0,0,3,1,0,,,,,,,,,,,,Y,
14,13,16,Rasmus Dahlin,BUF,D,1,1,5.14,2.50,5.20,2.00,69.92,359.42,125.21,0.189,0.703,0.004,2.731,1.131,1.046,0,0,0,4,2,0,,,,,,,,,,,,Y,
15,16,14,Matt Boldy,MIN,"LW,RW",1,1,6.07,2.50,6.16,2.50,71.61,434.36,125.21,0.453,0.560,0.033,3.498,0.666,0.732,0,0,0,5,0,0,,,,,,,,,,,,Y,
16,14,17,Moritz Seider,DET,D,1,1,4.87,2.50,4.95,1.00,72.93,355.33,121.12,0.120,0.554,0.000,2.205,1.746,2.262,0,0,0,2,0,3,,,,,,,,,,,,Y,
17,17,15,Jack Hughes,NJD,"C,LW",1,1,6.71,7.00,6.70,7.00,63.99,429.28,119.40,0.477,0.770,0.032,3.874,0.076,0.466,1,0,0,5,0,0,,,,,,,,,,,,Y,
18,19,18,Jason Robertson,DAL,"LW,RW",1,1,5.75,1.00,5.93,1.00,72.93,419.61,110.45,0.462,0.580,0.000,3.156,0.579,0.427,0,0,0,2,0,0,,,,,,,,,,,,Y,
19,18,23,Matthew Schaefer,NYI,D,1,1,4.64,2.00,4.73,1.50,72.93,338.58,104.37,0.226,0.462,0.000,2.930,0.444,1.327,0,0,0,3,0,1,,,,,,,,,,,,Y,
20,21,21,Martin Necas,COL,RW,1,1,5.75,5.25,5.74,5.00,71.43,410.85,101.69,0.381,0.771,0.000,2.665,0.984,0.294,0,1,0,4,1,0,,,,,,,,,,,,Y,
21,22,22,Brady Tkachuk,FLA,"C,LW",2,2,6.20,2.62,6.38,1.25,65.94,408.70,98.81,0.412,0.498,0.010,3.694,3.154,0.390,0,0,0,5,9,1,,,,,,,,,,,,Y,
22,20,26,Jake Sanderson,OTT,D,0,0,4.80,,4.80,,69.40,332.90,98.69,0.154,0.601,0.020,2.336,0.450,1.960,0,0,0,0,0,0,,,,,,,,,,,,Y,
23,26,19,Jeremy Swayman,BOS,G,2,2,7.06,11.10,6.69,11.10,53.32,376.51,98.54,,,,,,,,,,,,,2,0.650,0.556,26.654,2.804,0.067,2,54,3,1,0.947,Y,
24,28,20,Logan Thompson,WSH,G,1,1,6.97,10.30,6.69,10.30,53.82,375.10,97.14,,,,,,,,,,,,,1,0.648,0.566,25.861,2.643,0.052,1,31,2,0,0.939,Y,
25,25,25,Tage Thompson,BUF,"C,RW",1,1,5.66,2.25,5.76,2.00,71.43,404.58,95.42,0.475,0.447,0.008,3.344,1.006,0.491,0,0,0,4,1,0,,,,,,,,,,,,Y,
26,23,24,Auston Matthews,TOR,C,2,2,6.12,1.38,6.48,1.00,66.82,409.04,94.95,0.453,0.495,0.010,3.609,0.658,1.221,0,0,0,4,1,1,,,,,,,,,,,,Y,
27,24,27,Nick Suzuki,MTL,C,1,1,5.56,2.00,5.64,1.00,72.93,405.63,91.54,0.315,0.800,0.016,2.174,0.874,0.811,0,0,0,2,2,1,,,,,,,,,,,,Y,
28,30,28,Clayton Keller,UTA,"LW,RW",1,1,5.50,8.50,5.37,8.00,72.74,400.23,91.08,0.334,0.786,0.000,2.806,0.101,0.430,0,2,0,4,0,1,,,,,,,,,,,,Y,
29,31,29,Cole Caufield,MTL,"LW,RW",1,1,5.49,2.25,5.55,1.50,72.74,399.25,90.10,0.500,0.434,0.000,3.146,0.895,0.278,0,0,0,3,3,0,,,,,,,,,,,,Y,
30,32,31,Alex DeBrincat,DET,"LW,RW",1,1,5.45,1.50,5.56,0.50,72.93,397.82,88.66,0.457,0.468,0.000,3.173,0.765,0.436,0,0,0,1,4,0,,,,,,,,,,,,Y,
31,34,32,Brandon Hagel,TBL,"LW,RW",1,1,5.62,1.75,5.73,1.50,70.58,396.48,87.32,0.424,0.571,0.040,2.928,0.673,0.563,0,0,0,3,1,0,,,,,,,,,,,,Y,
32,35,30,Jet Greaves,CBJ,G,1,1,6.55,6.90,6.60,6.90,55.49,363.47,85.50,,,,,,,,,,,,,1,0.669,0.520,25.539,2.812,0.047,1,23,3,0,0.885,Y,
33,27,34,Jakob Chychrun,WSH,D,1,1,4.52,9.50,4.40,9.00,70.77,319.65,85.44,0.241,0.422,0.000,2.671,0.681,1.316,1,1,0,3,0,1,,,,,,,,,,,,Y,
34,29,37,Lane Hutson,MTL,D,1,1,4.36,0.50,4.52,0.00,72.93,318.32,84.11,0.094,0.796,0.000,1.351,0.378,1.564,0,0,0,0,0,1,,,,,,,,,,,,Y,
35,36,33,Tim Stützle,OTT,"C,LW",0,0,5.35,,5.35,,72.90,390.10,80.21,0.346,0.646,0.016,2.310,1.578,0.550,0,0,0,0,0,0,,,,,,,,,,,,Y,
36,33,40,Mikhail Sergachev,UTA,D,1,1,4.42,6.25,4.30,4.50,71.05,314.13,79.92,0.123,0.592,0.021,1.991,0.812,1.701,0,1,0,3,3,2,,,,,,,,,,,,Y,
37,37,36,Dylan Guenther,UTA,"LW,RW",1,1,5.58,11.50,5.42,11.50,69.73,388.95,79.79,0.494,0.444,0.000,3.279,0.736,0.400,2,0,0,5,0,0,,,,,,,,,,,,Y,
38,38,38,Wyatt Johnston,DAL,"C,RW",1,1,5.32,2.75,5.34,2.00,72.93,387.69,78.53,0.433,0.497,0.012,2.707,0.669,0.665,0,0,0,4,1,1,,,,,,,,,,,,Y,
39,42,35,Karel Vejmelka,UTA,G,1,1,6.10,10.50,6.09,10.50,57.99,353.59,75.62,,,,,,,,,,,,,1,0.699,0.566,22.407,2.500,0.059,1,15,0,1,1.000,Y,
40,41,42,Cutter Gauthier,ANA,"C,LW,RW",1,1,5.33,7.00,5.18,5.50,71.61,381.81,72.66,0.436,0.375,0.000,3.487,1.125,0.442,0,1,0,5,4,1,,,,,,,,,,,,Y,
41,44,39,Jakub Dobes,MTL,G,1,1,6.71,8.80,6.58,8.80,52.15,349.88,71.92,,,,,,,,,,,,,1,0.628,0.630,24.980,2.751,0.025,1,26,2,0,0.929,Y,
42,47,41,Andrei Vasilevskiy,TBL,G,1,1,6.45,2.00,6.76,2.00,53.82,347.23,69.26,,,,,,,,,,,,,1,0.648,0.608,23.572,2.589,0.048,0,20,4,0,0.833,Y,
43,43,47,Kirill Marchenko,TOR,RW,2,2,5.35,4.00,5.35,3.25,70.73,378.14,68.98,0.371,0.567,0.008,2.912,1.137,0.436,0,1,0,7,6,0,,,,,,,,,,,,Y,
44,39,49,MacKenzie Weegar,UTA,D,1,1,4.20,3.25,4.18,1.00,72.08,302.43,68.22,0.090,0.336,0.016,1.944,2.765,2.173,0,0,0,2,7,1,,,,,,,,,,,,Y,
45,49,43,Lukas Dostal,ANA,G,1,1,6.43,8.10,6.32,8.10,53.82,346.08,68.12,,,,,,,,,,,,,1,0.648,0.568,25.366,2.955,0.024,1,27,3,0,0.900,Y,
46,40,50,Jackson LaCombe,ANA,D,1,1,4.22,5.25,4.18,4.00,71.43,301.69,67.48,0.121,0.543,0.020,1.916,0.916,1.643,0,1,0,2,1,2,,,,,,,,,,,,Y,
47,45,46,Filip Forsberg,NSH,LW,1,1,5.25,4.50,5.29,4.00,71.90,377.31,67.43,0.397,0.457,0.000,2.900,1.661,0.446,0,1,0,2,2,0,,,,,,,,,,,,Y,
48,51,44,Ilya Sorokin,NYI,G,1,1,6.47,5.20,6.51,5.20,52.99,342.62,64.66,,,,,,,,,,,,,1,0.638,0.503,24.699,2.669,0.072,0,24,2,0,0.923,Y,
49,50,48,Jake Guentzel,TBL,"LW,RW",1,1,5.17,1.50,5.28,1.50,72.27,373.69,64.53,0.406,0.540,0.020,2.658,0.397,0.514,0,0,0,3,0,0,,,,,,,,,,,,Y,
50,53,45,Joel Hofer,STL,G,1,1,6.77,13.50,6.47,13.50,50.49,341.86,63.90,,,,,,,,,,,,,1,0.608,0.524,24.827,2.550,0.100,1,25,0,1,1.000,Y,
51,52,51,William Nylander,TOR,"C,RW",2,2,5.36,6.50,5.27,6.00,69.04,369.90,60.75,0.444,0.589,0.000,2.644,0.157,0.462,2,0,0,6,0,2,,,,,,,,,,,,Y,
52,54,53,Adrian Kempe,LAK,RW,1,1,5.07,2.00,5.15,1.50,72.55,367.54,58.38,0.388,0.435,0.020,2.767,1.501,0.432,0,0,0,3,2,0,,,,,,,,,,,,Y,
53,46,58,Noah Dobson,MTL,D,1,1,4.17,1.50,4.28,0.50,70.11,292.28,58.06,0.129,0.404,0.012,2.195,0.713,2.152,0,0,0,1,0,2,,,,,,,,,,,,Y,
54,48,60,Josh Morrissey,WPG,D,1,1,4.08,3.00,4.07,2.00,71.43,291.37,57.16,0.132,0.525,0.000,2.057,0.473,1.529,0,0,0,4,0,2,,,,,,,,,,,,Y,
55,58,54,Mikko Rantanen,DAL,"LW,RW",1,1,5.29,0.75,5.45,0.50,69.07,365.44,56.29,0.324,0.766,0.000,2.256,0.711,0.458,0,0,0,1,1,0,,,,,,,,,,,,Y,
56,60,55,Alex Tuch,WSH,"LW,RW",1,1,5.04,11.25,4.88,10.50,72.27,364.21,55.05,0.387,0.362,0.078,2.409,0.987,1.209,2,0,0,3,1,1,,,,,,,,,,,,Y,
57,61,56,Matthew Tkachuk,FLA,"LW,RW",2,2,5.44,3.88,5.54,3.25,66.82,363.59,54.43,0.390,0.618,0.000,2.748,1.289,0.275,1,0,0,4,3,1,,,,,,,,,,,,Y,
58,67,52,Jesper Wallstedt,MIN,G,1,1,6.79,7.70,6.87,7.70,48.73,330.65,52.69,,,,,,,,,,,,,1,0.587,0.552,25.563,2.775,0.079,1,19,1,0,0.950,Y,
59,56,57,Sebastian Aho,CAR,C,2,2,5.15,4.00,5.21,3.75,71.26,366.64,52.55,0.347,0.601,0.077,2.579,0.650,0.348,1,0,0,6,0,1,,,,,,,,,,,,Y,
60,59,59,Adam Fantilli,CBJ,C,1,1,5.01,7.50,4.88,5.50,72.93,365.06,50.97,0.364,0.395,0.008,2.669,1.987,0.671,1,0,0,2,6,1,,,,,,,,,,,,Y,
61,64,61,Mitch Marner,VGK,"C,LW,RW",2,2,4.98,3.12,5.06,2.75,72.15,359.05,49.89,0.274,0.759,0.016,2.122,0.421,0.536,0,1,0,5,1,1,,,,,,,,,,,,Y,
62,65,62,Jesper Bratt,NJD,"LW,RW",1,1,4.93,6.00,4.85,6.00,72.74,358.60,49.45,0.266,0.686,0.032,2.427,0.910,0.342,0,1,0,6,0,0,,,,,,,,,,,,Y,
63,55,69,Adam Fox,NYR,D,3,3,4.34,3.67,4.51,3.33,65.24,283.28,49.07,0.107,0.773,0.026,1.550,0.369,1.249,0,3,0,2,0,2,,,,,,,,,,,,Y,
64,57,71,Darren Raddysh,TOR,D,2,2,4.10,2.50,4.14,1.75,68.87,282.30,48.09,0.153,0.502,0.000,2.470,0.649,1.019,0,0,0,7,0,3,,,,,,,,,,,,Y,
65,63,65,Mark Scheifele,WPG,C,1,1,4.94,0.00,5.13,0.00,72.93,360.12,46.03,0.341,0.672,0.008,1.904,0.515,0.581,0,0,0,0,0,0,,,,,,,,,,,,Y,
66,70,68,Sam Reinhart,FLA,RW,2,2,5.20,2.25,5.30,1.00,68.24,355.18,46.02,0.378,0.470,0.064,2.489,1.562,0.662,0,0,0,4,8,1,,,,,,,,,,,,Y,
67,62,73,Miro Heiskanen,DAL,D,1,1,4.31,2.50,4.32,0.50,64.93,279.70,45.49,0.111,0.606,0.009,1.922,0.264,1.886,0,0,0,1,0,4,,,,,,,,,,,,Y,
68,72,67,Andrei Svechnikov,CAR,"LW,RW",2,2,5.07,5.25,4.88,3.50,69.84,354.43,45.27,0.333,0.470,0.000,2.764,2.445,0.345,0,1,0,8,10,2,,,,,,,,,,,,Y,
69,75,63,John Gibson,DET,G,1,1,6.18,4.70,6.33,4.70,52.15,322.51,44.54,,,,,,,,,,,,,1,0.628,0.486,24.114,2.651,0.048,0,19,1,0,0.950,Y,
70,78,64,Igor Shesterkin,NYR,G,2,3,6.27,6.45,6.37,6.45,51.19,321.11,43.15,,,,,,,,,,,,,2,0.632,0.436,24.887,2.630,0.044,1,43,3,0,0.935,Y,
71,81,66,Jake Oettinger,DAL,G,1,1,6.24,4.00,6.39,4.00,51.32,320.28,42.32,,,,,,,,,,,,,1,0.618,0.589,22.999,2.572,0.049,0,20,2,0,0.909,Y,
72,66,78,John Carlson,TBL,D,1,1,3.94,3.25,3.90,2.00,69.92,275.34,41.13,0.110,0.515,0.000,1.955,0.510,1.589,0,0,0,4,1,2,,,,,,,,,,,,Y,
73,87,70,Spencer Knight,CHI,G,1,2,6.34,5.60,6.27,5.60,50.04,317.13,39.17,,,,,,,,,,,,,1,0.610,0.355,27.344,3.071,0.046,0,32,4,0,0.889,Y,
74,79,74,Artemi Panarin,LAK,LW,1,1,4.87,5.50,4.88,5.50,71.61,348.67,38.78,0.364,0.607,0.000,2.578,0.156,0.167,1,0,0,2,0,0,,,,,,,,,,,,Y,
75,68,82,Brandt Clarke,LAK,D,1,1,3.78,1.50,3.86,0.50,72.08,272.22,38.01,0.109,0.419,0.000,1.884,0.311,2.017,0,0,0,1,0,2,,,,,,,,,,,,Y,
76,69,83,Filip Hronek,VAN,D,2,2,3.99,8.25,3.71,6.75,68.24,272.12,37.91,0.088,0.569,0.017,1.571,1.313,1.476,0,4,0,3,0,6,,,,,,,,,,,,Y,
77,83,76,Timo Meier,NJD,"LW,RW",1,1,4.86,2.50,4.92,2.00,71.43,347.06,37.90,0.348,0.279,0.000,3.355,1.749,0.677,0,0,0,4,2,0,,,,,,,,,,,,Y,
78,71,84,Roman Josi,NSH,D,1,1,4.27,6.50,4.22,6.00,63.61,271.68,37.46,0.163,0.494,0.000,2.348,0.621,1.455,1,0,0,3,2,0,,,,,,,,,,,,Y,
79,88,72,Stuart Skinner,WPG,G,1,1,5.86,3.80,5.94,3.80,53.82,315.32,37.36,,,,,,,,,,,,,1,0.648,0.430,24.798,3.000,0.043,0,26,4,0,0.867,Y,
80,74,75,Bo Horvat,NYI,C,1,1,5.04,7.25,4.97,7.00,69.73,351.23,37.14,0.389,0.380,0.043,3.156,0.944,0.493,0,1,1,4,1,0,,,,,,,,,,,,Y,
81,73,89,Erik Karlsson,PIT,D,1,1,3.76,5.00,3.71,4.50,71.43,268.81,34.60,0.127,0.539,0.000,2.053,0.271,0.965,0,1,0,3,0,1,,,,,,,,,,,,Y,
82,89,85,Mika Zibanejad,NYR,"C,RW",3,3,4.77,4.42,4.77,3.50,71.86,342.99,33.83,0.322,0.487,0.039,2.296,1.176,0.678,1,1,0,6,5,3,,,,,,,,,,,,Y,
83,90,86,Lucas Raymond,DET,RW,1,1,4.72,1.25,4.82,1.00,72.55,342.38,33.22,0.302,0.635,0.004,2.253,0.571,0.352,0,0,0,2,1,0,,,,,,,,,,,,Y,
84,92,80,Matthew Knies,CBJ,"LW,RW",1,1,4.79,14.00,4.56,14.00,71.43,342.12,32.97,0.332,0.523,0.012,2.056,1.879,0.413,2,1,0,4,0,0,,,,,,,,,,,,Y,
85,84,79,Dylan Cozens,OTT,C,0,0,4.73,,4.73,,73.30,346.95,32.86,0.321,0.405,0.000,2.477,2.581,0.382,0,0,0,0,0,0,,,,,,,,,,,,Y,
86,100,77,Dustin Wolf,CGY,G,1,1,6.14,1.80,6.41,1.80,50.49,310.21,32.25,,,,,,,,,,,,,1,0.608,0.405,26.593,3.174,0.042,0,26,6,0,0.812,Y,
87,93,81,Dylan Holloway,STL,"C,LW",1,1,5.11,1.25,5.26,0.50,66.91,342.08,32.19,0.343,0.482,0.000,2.515,2.061,0.701,0,0,0,1,1,1,,,,,,,,,,,,Y,
88,76,96,Dougie Hamilton,NJD,D,1,1,3.91,8.75,3.70,7.50,67.94,265.91,31.70,0.152,0.323,0.000,2.773,1.307,1.094,1,0,0,6,3,1,,,,,,,,,,,,Y,
89,77,97,Vince Dunn,SEA,D,1,1,3.88,12.50,3.63,11.50,68.41,265.67,31.46,0.157,0.464,0.000,2.196,0.520,1.113,1,2,0,2,2,1,,,,,,,,,,,,Y,
90,80,98,Darnell Nurse,SJS,D,1,1,3.71,3.00,3.68,0.00,71.61,265.39,31.17,0.095,0.234,0.020,1.964,1.837,2.190,0,0,0,0,2,5,,,,,,,,,,,,Y,
91,82,99,Thomas Chabot,OTT,D,0,0,3.94,,3.94,,67.10,264.68,30.46,0.115,0.434,0.019,1.952,0.672,1.888,0,0,0,0,0,0,,,,,,,,,,,,Y,
92,94,92,Tom Wilson,WSH,RW,1,1,4.81,5.25,4.76,3.00,70.58,339.37,30.22,0.316,0.416,0.032,1.859,2.666,0.960,0,1,0,0,3,3,,,,,,,,,,,,Y,
93,97,93,Beckett Sennecke,ANA,RW,1,1,4.64,5.50,4.65,5.00,72.93,338.54,29.39,0.333,0.474,0.012,2.496,1.258,0.271,1,0,0,1,2,0,,,,,,,,,,,,Y,
94,98,88,Juraj Slafkovský,MTL,"LW,RW",1,1,4.68,1.00,4.84,1.00,72.27,338.53,29.38,0.297,0.498,0.000,2.115,1.530,0.826,0,0,0,2,0,0,,,,,,,,,,,,Y,
95,99,90,Drake Batherson,OTT,"LW,RW",0,0,4.66,,4.66,,72.60,338.02,28.87,0.336,0.493,0.000,2.197,1.643,0.310,0,0,0,0,0,0,,,,,,,,,,,,Y,
96,85,101,Rasmus Andersson,VGK,D,2,2,3.64,1.25,3.87,1.00,72.15,262.88,28.66,0.141,0.309,0.008,2.116,0.377,1.828,0,0,0,4,0,1,,,,,,,,,,,,Y,
97,91,87,Nico Hischier,NJD,C,1,1,4.80,2.00,4.85,1.00,71.43,342.65,28.56,0.350,0.447,0.016,2.514,0.789,0.789,0,0,0,2,2,1,,,,,,,,,,,,Y,
98,86,102,Brandon Montour,SEA,D,1,1,3.82,3.00,3.81,2.00,68.79,262.46,28.25,0.160,0.284,0.000,2.695,1.016,1.286,0,0,0,4,0,2,,,,,,,,,,,,Y,
99,96,95,Aleksander Barkov,FLA,C,2,2,4.98,1.12,5.24,0.50,68.16,339.23,25.14,0.256,0.664,0.057,2.022,1.165,0.833,0,0,0,2,1,2,,,,,,,,,,,,Y,
100,105,91,Linus Ullmark,OTT,G,0,0,5.96,,5.96,,50.70,302.30,24.34,,,,,,,,,,,,,0,0.604,0.588,21.775,2.505,0.057,0,0,0,0,,Y,
101,110,94,Joey Daccord,SEA,G,1,1,6.39,9.20,6.28,9.20,47.06,300.89,22.92,,,,,,,,,,,,,1,0.567,0.441,25.971,2.842,0.041,1,24,1,0,0.960,Y,
102,102,105,Jimmy Snuggerud,STL,RW,1,1,4.90,10.00,4.74,9.50,67.76,331.90,22.74,0.354,0.500,0.000,2.576,0.894,0.592,1,1,0,4,0,1,,,,,,,,,,,,Y,
103,103,103,Alex Laferriere,LAK,"C,LW,RW",1,1,4.61,8.75,4.45,7.00,71.90,331.46,22.30,0.282,0.340,0.016,2.548,2.823,0.616,0,2,0,2,5,1,,,,,,,,,,,,Y,
104,95,112,Luke Hughes,NJD,D,1,1,3.79,7.00,3.69,7.00,67.47,255.72,21.50,0.146,0.517,0.000,2.307,0.251,0.733,1,0,0,5,0,0,,,,,,,,,,,,Y,
105,106,104,Travis Konecny,PHI,"LW,RW",2,2,4.61,3.62,4.60,2.25,71.53,330.05,20.90,0.270,0.522,0.029,2.137,1.674,0.571,0,1,0,3,7,2,,,,,,,,,,,,Y,
106,113,100,Jake Allen,NJD,G,1,1,6.35,7.90,6.30,7.90,47.06,298.61,20.65,,,,,,,,,,,,,1,0.567,0.532,24.325,2.697,0.050,1,23,2,0,0.920,Y,
107,111,106,William Eklund,OTT,"LW,RW",0,0,4.61,,4.61,,71.30,328.42,19.27,0.269,0.569,0.014,2.259,0.846,0.634,0,0,0,0,0,0,,,,,,,,,,,,Y,
108,101,113,Jacob Trouba,SJS,D,1,1,3.54,2.25,3.58,1.00,71.61,253.45,19.24,0.091,0.239,0.008,1.751,1.991,2.045,0,0,0,2,3,1,,,,,,,,,,,,Y,
109,112,109,Nick Schmaltz,UTA,"C,RW",1,1,4.50,5.50,4.50,5.50,72.93,327.90,18.74,0.339,0.480,0.016,2.333,0.221,0.558,1,0,0,2,0,0,,,,,,,,,,,,Y,
110,114,111,Rickard Rakell,PIT,"C,LW,RW",1,1,4.79,4.75,4.79,4.00,67.94,325.62,16.46,0.349,0.405,0.019,2.467,1.444,0.752,0,1,0,2,3,0,,,,,,,,,,,,Y,
111,108,108,Sidney Crosby,PIT,C,1,1,4.76,5.00,4.72,4.50,69.45,330.48,16.39,0.314,0.595,0.000,2.213,0.968,0.424,0,1,0,3,2,0,,,,,,,,,,,,Y,
112,109,110,Leo Carlsson,ANA,C,1,1,4.77,8.50,4.69,8.00,69.07,329.28,15.19,0.370,0.515,0.035,2.383,0.221,0.480,1,1,0,1,0,1,,,,,,,,,,,,Y,
113,122,107,Juuse Saros,NSH,G,1,1,6.21,5.10,6.23,5.10,47.06,292.20,14.23,,,,,,,,,,,,,1,0.567,0.428,26.402,3.091,0.032,0,27,3,0,0.900,Y,
114,120,114,Owen Tippett,PHI,"LW,RW",2,2,4.52,3.00,4.50,1.50,71.26,322.36,13.21,0.310,0.274,0.024,2.669,2.385,0.659,0,0,0,6,10,1,,,,,,,,,,,,Y,
115,104,120,Mike Matheson,MTL,D,1,1,3.45,5.50,3.37,4.50,71.61,247.01,12.80,0.083,0.356,0.020,1.602,0.687,1.988,0,1,0,3,0,2,,,,,,,,,,,,Y,
116,107,121,Thomas Harley,DAL,D,1,1,3.55,0.75,3.69,0.50,69.45,246.85,12.64,0.105,0.394,0.000,1.815,0.552,1.708,0,0,0,1,1,0,,,,,,,,,,,,Y,
117,117,115,Sam Bennett,FLA,C,2,2,4.63,3.25,4.68,2.00,70.11,324.86,10.77,0.321,0.387,0.000,2.537,2.208,0.412,0,1,0,2,10,0,,,,,,,,,,,,Y,
118,125,116,Pavel Dorofeyev,NYR,"LW,RW",3,3,4.43,4.92,4.32,4.50,72.03,319.20,10.05,0.386,0.274,0.000,3.139,0.334,0.438,1,1,0,12,1,2,,,,,,,,,,,,Y,
119,128,117,Alex Ovechkin,WSH,"LW,RW",1,1,4.59,4.25,4.62,3.50,69.26,318.07,8.91,0.373,0.364,0.000,2.594,1.592,0.258,0,1,0,1,1,1,,,,,,,,,,,,Y,
120,130,118,Tomas Hertl,VGK,"C,LW",2,2,4.49,5.38,4.35,4.50,70.73,317.36,7.48,0.318,0.364,0.000,2.561,1.399,0.673,1,0,0,9,3,2,,,,,,,,,,,,Y,
121,115,126,Jamie Oleksiak,VAN,D,2,2,3.52,7.12,3.30,5.50,68.58,241.67,7.45,0.115,0.374,0.008,1.498,1.240,1.618,1,2,0,1,5,4,,,,,,,,,,,,N,no preseason projection; position default used as prior
122,116,127,Shea Theodore,VGK,D,2,2,3.61,7.25,3.38,6.50,67.00,241.65,7.43,0.120,0.490,0.000,1.898,0.041,1.273,1,2,0,5,0,3,,,,,,,,,,,,Y,
123,123,119,Vincent Trocheck,UTA,C,1,1,4.59,5.50,4.52,3.50,69.73,320.13,6.04,0.229,0.455,0.050,1.828,3.065,0.832,0,1,0,1,6,1,,,,,,,,,,,,Y,
124,118,131,Kaedan Korczak,PIT,D,1,1,3.49,8.75,3.30,7.50,68.77,240.02,5.81,0.093,0.384,0.009,1.716,0.989,1.589,0,2,0,3,1,2,,,,,,,,,,,,N,no preseason projection; position default used as prior
125,119,132,Travis Sanheim,PHI,D,2,2,3.31,6.00,3.16,5.25,72.33,239.62,5.41,0.108,0.304,0.031,1.514,0.608,1.883,1,1,0,6,0,3,,,,,,,,,,,,Y,
126,134,123,Paul Cotter,VAN,LW,2,2,4.69,11.12,4.33,10.25,67.09,314.82,4.93,0.363,0.429,0.035,2.243,1.438,0.436,3,1,1,4,7,0,,,,,,,,,,,,N,no preseason projection; position default used as prior
127,127,122,Dylan Larkin,DET,C,0,1,4.88,,4.88,,65.40,318.87,4.78,0.386,0.435,0.009,2.914,0.590,0.430,0,0,0,0,0,0,,,,,,,,,,,,Y,
128,121,135,Victor Hedman,TBL,D,1,1,3.68,3.50,3.59,1.00,64.74,238.20,3.98,0.091,0.453,0.000,1.772,0.663,1.721,0,0,0,2,2,4,,,,,,,,,,,,Y,
129,124,137,Shayne Gostisbehere,CAR,D,2,2,3.66,0.62,3.91,0.25,64.52,236.43,2.21,0.120,0.552,0.000,1.685,0.542,0.983,0,0,0,1,1,1,,,,,,,,,,,,Y,
130,126,139,Noah Hanifin,VGK,D,2,2,3.37,4.25,3.32,3.25,69.84,235.27,1.05,0.115,0.336,0.000,1.885,0.433,1.587,1,0,0,4,0,4,,,,,,,,,,,,Y,
131,181,124,Sergei Bobrovsky,TOR,G,1,2,6.35,3.30,6.63,3.30,43.76,277.96,0.00,,,,,,,,,,,,,1,0.534,0.419,27.859,3.444,0.060,0,21,3,0,0.875,Y,
132,148,130,Nikolaj Ehlers,CAR,LW,2,2,4.44,2.00,4.52,1.50,69.84,309.89,0.00,0.301,0.509,0.000,2.514,0.457,0.373,0,0,0,6,2,1,,,,,,,,,,,,Y,
133,149,133,Will Smith,SJS,"LW,RW",1,1,4.52,15.75,4.21,15.50,68.41,309.16,0.00,0.358,0.506,0.024,2.366,0.283,0.175,2,1,1,3,1,0,,,,,,,,,,,,Y,
134,137,129,Elias Pettersson,VAN,C,2,2,4.68,9.75,4.33,8.25,67.09,314.09,0.00,0.339,0.456,0.011,2.184,1.522,0.579,2,2,0,3,8,2,,,,,,,,,,,,N,no preseason projection; position default used as prior
135,129,143,Tristan Luneau,ANA,D,1,1,3.41,5.50,3.30,3.00,68.77,234.21,0.00,0.093,0.356,0.009,1.529,0.898,1.820,0,1,0,0,0,5,,,,,,,,,,,,N,no preseason projection; position default used as prior
136,151,134,Kiefer Sherwood,SJS,"LW,RW",1,1,4.42,2.50,4.45,0.50,69.92,308.71,-0.45,0.270,0.201,0.018,2.040,5.414,0.374,0,0,0,1,8,0,,,,,,,,,,,,Y,
137,185,125,Yaroslav Askarov,SJS,G,1,1,6.11,6.90,6.15,6.90,45.39,277.50,-0.46,,,,,,,,,,,,,1,0.547,0.493,25.884,3.190,0.020,1,23,3,0,0.885,Y,
138,131,147,Samuel Girard,PIT,D,1,1,3.38,7.25,3.30,7.00,68.77,232.58,-1.63,0.093,0.384,0.009,1.654,0.989,1.435,0,2,0,2,1,0,,,,,,,,,,,,N,no preseason projection; position default used as prior
139,132,148,Charlie McAvoy,BOS,D,0,2,4.45,,4.45,,52.27,232.51,-1.70,0.115,0.611,0.005,1.708,1.324,1.800,0,0,0,0,0,0,,,,,,,,,,,,Y,
140,133,149,Brian Dumoulin,LAK,D,1,1,3.38,6.50,3.30,5.50,68.77,232.39,-1.82,0.118,0.329,0.009,1.654,0.898,1.589,1,0,0,2,0,2,,,,,,,,,,,,N,no preseason projection; position default used as prior
141,162,138,Mark Stone,VGK,RW,2,2,4.75,3.38,4.83,2.50,64.69,307.30,-1.85,0.307,0.632,0.025,1.726,0.838,0.696,1,0,0,1,5,1,,,,,,,,,,,,Y,
142,160,136,Nick Robertson,PIT,LW,1,1,4.58,13.50,4.33,13.00,67.19,307.44,-2.45,0.348,0.414,0.036,2.383,0.933,0.547,2,0,1,4,0,1,,,,,,,,,,,,N,no preseason projection; position default used as prior
143,208,128,Mackenzie Blackwood,COL,G,1,1,6.55,7.10,6.47,7.10,42.06,275.26,-2.71,,,,,,,,,,,,,1,0.507,0.626,23.815,2.653,0.059,1,27,4,0,0.871,Y,
144,135,152,Cole Hutson,WSH,D,1,1,3.38,7.25,3.22,6.00,68.32,230.75,-3.46,0.136,0.409,0.000,1.930,0.632,0.833,1,0,0,3,1,2,,,,,,,,,,,,Y,
145,136,153,K'Andre Miller,CAR,D,2,2,3.35,2.88,3.39,1.50,68.87,230.53,-3.69,0.095,0.370,0.026,1.466,1.265,1.416,0,1,0,0,1,5,,,,,,,,,,,,Y,
146,138,155,Sean Walker,CAR,D,2,2,3.18,2.12,3.22,0.75,72.33,230.25,-3.97,0.100,0.204,0.016,1.932,1.682,1.402,0,0,0,3,5,3,,,,,,,,,,,,Y,
147,139,156,Cody Ceci,LAK,D,1,1,3.33,6.00,3.30,5.50,68.77,229.14,-5.08,0.093,0.356,0.033,1.591,0.898,1.512,0,1,1,1,0,1,,,,,,,,,,,,N,no preseason projection; position default used as prior
148,190,140,Michael Carcone,UTA,LW,1,1,4.54,10.00,4.33,8.50,67.19,304.76,-5.12,0.323,0.441,0.012,2.258,1.478,0.470,1,1,0,2,6,0,,,,,,,,,,,,N,no preseason projection; position default used as prior
149,196,150,Josh Anderson,MTL,RW,1,1,4.52,10.00,4.33,9.00,67.19,303.81,-5.35,0.323,0.441,0.012,2.321,1.296,0.470,1,1,0,3,4,0,,,,,,,,,,,,N,no preseason projection; position default used as prior
150,192,142,Nazem Kadri,COL,"C,LW",1,1,4.24,7.25,4.16,7.00,71.90,304.52,-5.37,0.285,0.426,0.000,2.654,0.688,0.352,0,2,0,2,1,0,,,,,,,,,,,,Y,
151,140,158,Jonas Brodin,MIN,D,1,1,3.32,2.50,3.30,0.00,68.77,228.48,-5.73,0.093,0.329,0.009,1.529,0.898,1.820,0,0,0,0,0,5,,,,,,,,,,,,N,no preseason projection; position default used as prior
152,158,141,Filip Hallander,PIT,C,1,1,4.59,14.25,4.33,14.00,67.19,308.10,-5.99,0.323,0.469,0.036,2.321,1.024,0.470,1,2,1,3,1,0,,,,,,,,,,,,N,no preseason projection; position default used as prior
153,141,166,Carson Soucy,CBJ,D,1,1,3.31,2.50,3.30,1.00,68.77,227.97,-6.24,0.093,0.329,0.009,1.654,1.080,1.589,0,0,0,2,2,2,,,,,,,,,,,,N,no preseason projection; position default used as prior
154,142,168,Vincent Desharnais,WSH,D,1,1,3.31,2.25,3.30,0.00,68.77,227.88,-6.33,0.093,0.329,0.009,1.529,1.171,1.666,0,0,0,0,3,3,,,,,,,,,,,,N,no preseason projection; position default used as prior
155,143,171,Dylan DeMelo,WPG,D,1,1,3.31,5.50,3.30,5.00,68.77,227.60,-6.61,0.118,0.329,0.009,1.591,0.898,1.512,1,0,0,1,0,1,,,,,,,,,,,,N,no preseason projection; position default used as prior
156,144,172,Trevor van Riemsdyk,PIT,D,1,1,3.31,2.25,3.30,0.00,68.77,227.40,-6.81,0.093,0.329,0.009,1.529,0.989,1.743,0,0,0,0,1,4,,,,,,,,,,,,N,no preseason projection; position default used as prior
157,145,173,Josh Mahura,SEA,D,1,1,3.31,2.25,3.30,0.00,68.77,227.40,-6.81,0.093,0.329,0.009,1.529,0.989,1.743,0,0,0,0,1,4,,,,,,,,,,,,N,no preseason projection; position default used as prior
158,214,146,Morgan Geekie,BOS,"C,LW,RW",2,2,4.24,2.62,4.33,1.75,71.26,302.32,-6.83,0.358,0.351,0.000,1.946,1.735,0.348,0,1,0,1,7,0,,,,,,,,,,,,Y,
159,146,174,Ryker Evans,SEA,D,1,1,3.31,4.25,3.30,3.50,68.77,227.34,-6.87,0.093,0.356,0.009,1.591,0.989,1.512,0,1,0,1,1,1,,,,,,,,,,,,N,no preseason projection; position default used as prior
160,147,175,Declan Carlile,PIT,D,1,1,3.30,4.25,3.30,4.00,68.77,226.85,-7.36,0.093,0.356,0.009,1.654,0.989,1.435,0,1,0,2,1,0,,,,,,,,,,,,N,no preseason projection; position default used as prior
161,172,144,Marco Rossi,VAN,C,2,2,4.57,9.75,4.33,9.50,67.09,306.61,-7.48,0.363,0.429,0.011,2.302,1.022,0.436,3,1,0,5,2,0,,,,,,,,,,,,N,no preseason projection; position default used as prior
162,182,145,Pius Suter,STL,C,1,1,4.55,10.50,4.33,9.50,67.19,305.91,-8.18,0.323,0.441,0.012,2.383,1.296,0.470,1,1,0,4,4,0,,,,,,,,,,,,N,no preseason projection; position default used as prior
163,150,183,Jaccob Slavin,CAR,D,2,2,3.29,2.38,3.30,1.25,68.58,225.55,-8.66,0.091,0.320,0.008,1.733,0.906,1.618,0,0,0,5,1,4,,,,,,,,,,,,N,no preseason projection; position default used as prior
164,152,186,Dmitri Simashev,UTA,D,1,1,3.28,4.00,3.30,4.00,68.77,225.29,-8.93,0.093,0.356,0.009,1.654,0.898,1.435,0,1,0,2,0,0,,,,,,,,,,,,N,no preseason projection; position default used as prior
165,153,188,Erik Cernak,TBL,D,1,1,3.27,1.75,3.30,0.50,68.77,225.22,-8.99,0.093,0.329,0.009,1.591,1.352,1.435,0,0,0,1,5,0,,,,,,,,,,,,N,no preseason projection; position default used as prior
166,154,189,Emil Andrae,CBJ,D,1,1,3.27,3.75,3.30,3.00,68.77,225.20,-9.02,0.093,0.356,0.009,1.529,0.989,1.512,0,1,0,0,1,1,,,,,,,,,,,,N,no preseason projection; position default used as prior
167,234,160,Kasperi Kapanen,EDM,RW,2,2,4.47,6.62,4.33,5.75,67.09,300.04,-9.12,0.316,0.429,0.035,2.243,1.272,0.508,1,1,1,4,5,1,,,,,,,,,,,,N,no preseason projection; position default used as prior
168,155,192,Seth Jones,FLA,D,2,2,3.60,1.12,3.81,0.75,62.48,224.99,-9.22,0.112,0.444,0.000,1.745,1.040,1.265,0,0,0,3,1,1,,,,,,,,,,,,Y,
169,156,194,Colton Parayko,STL,D,1,1,3.31,5.50,3.24,4.00,67.94,224.97,-9.25,0.089,0.231,0.010,1.487,1.179,2.320,0,1,0,2,0,3,,,,,,,,,,,,Y,
170,157,195,Declan Chisholm,NJD,D,1,1,3.27,2.00,3.30,1.00,68.77,224.84,-9.37,0.093,0.329,0.009,1.654,0.898,1.589,0,0,0,2,0,2,,,,,,,,,,,,N,no preseason projection; position default used as prior
171,159,198,Jonathan Aspirot,BOS,D,2,2,3.27,2.12,3.30,0.75,68.58,224.37,-9.84,0.091,0.320,0.008,1.615,1.073,1.618,0,0,0,3,3,4,,,,,,,,,,,,N,no preseason projection; position default used as prior
172,161,200,Nate Schmidt,UTA,D,1,1,3.26,3.50,3.30,3.00,68.77,224.11,-10.10,0.093,0.356,0.009,1.529,1.080,1.435,0,1,0,0,2,0,,,,,,,,,,,,N,no preseason projection; position default used as prior
173,163,203,Axel Sandin-Pellikka,DET,D,1,1,3.25,1.75,3.30,1.00,68.77,223.76,-10.45,0.093,0.329,0.009,1.654,0.989,1.512,0,0,0,2,1,1,,,,,,,,,,,,N,no preseason projection; position default used as prior
174,164,204,Adam Jiricek,STL,D,1,1,3.25,1.75,3.30,1.00,68.77,223.76,-10.45,0.093,0.329,0.009,1.654,0.989,1.512,0,0,0,2,1,1,,,,,,,,,,,,N,no preseason projection; position default used as prior
175,206,154,Adam Lowry,WPG,C,1,1,4.52,8.75,4.33,7.00,67.19,303.58,-10.51,0.299,0.469,0.012,2.258,1.206,0.624,0,2,0,2,3,2,,,,,,,,,,,,N,no preseason projection; position default used as prior
176,165,206,Olli Maatta,MIN,D,1,1,3.25,3.50,3.30,3.00,68.77,223.63,-10.58,0.093,0.356,0.009,1.529,0.898,1.512,0,1,0,0,0,1,,,,,,,,,,,,N,no preseason projection; position default used as prior
177,166,208,Mattias Samuelsson,BUF,D,1,1,3.30,5.00,3.34,5.00,67.76,223.31,-10.90,0.112,0.297,0.026,1.238,1.538,1.691,1,0,0,1,0,0,,,,,,,,,,,,Y,
178,167,209,Erik Gudbranson,CBJ,D,1,1,3.25,1.50,3.30,0.00,68.77,223.19,-11.02,0.093,0.329,0.009,1.529,0.898,1.666,0,0,0,0,0,3,,,,,,,,,,,,N,no preseason projection; position default used as prior
179,168,210,Nick Perbix,NSH,D,1,1,3.25,1.50,3.30,0.00,68.77,223.19,-11.02,0.093,0.329,0.009,1.529,0.898,1.666,0,0,0,0,0,3,,,,,,,,,,,,N,no preseason projection; position default used as prior
180,169,211,Adam Wilsby,NSH,D,1,1,3.25,1.50,3.30,0.00,68.77,223.19,-11.02,0.093,0.329,0.009,1.529,0.898,1.666,0,0,0,0,0,3,,,,,,,,,,,,N,no preseason projection; position default used as prior
181,170,212,Yan Kuznetsov,CGY,D,1,1,3.25,1.50,3.30,0.50,68.77,223.18,-11.04,0.093,0.329,0.009,1.591,1.080,1.512,0,0,0,1,2,1,,,,,,,,,,,,N,no preseason projection; position default used as prior
182,171,213,Nolan Allan,SJS,D,1,1,3.25,1.50,3.30,0.50,68.77,223.18,-11.04,0.093,0.329,0.009,1.591,1.080,1.512,0,0,0,1,2,1,,,,,,,,,,,,N,no preseason projection; position default used as prior
183,173,216,Jake Walman,EDM,D,2,2,3.53,1.50,3.69,0.50,63.10,222.74,-11.47,0.115,0.311,0.027,1.909,0.432,1.922,0,0,0,2,0,4,,,,,,,,,,,,Y,
184,174,218,Tyler Myers,DAL,D,1,1,3.24,1.50,3.30,0.50,68.77,222.70,-11.52,0.093,0.329,0.009,1.591,0.898,1.589,0,0,0,1,0,2,,,,,,,,,,,,N,no preseason projection; position default used as prior
185,175,219,Pavel Mintyukov,ANA,D,1,1,3.24,1.50,3.30,0.50,68.77,222.70,-11.52,0.093,0.329,0.009,1.591,0.898,1.589,0,0,0,1,0,2,,,,,,,,,,,,N,no preseason projection; position default used as prior
186,176,220,Niko Mikkola,FLA,D,2,2,3.25,2.12,3.30,1.50,68.58,222.67,-11.54,0.091,0.320,0.008,1.792,0.906,1.475,0,0,0,6,1,2,,,,,,,,,,,,N,no preseason projection; position default used as prior
187,177,223,Logan Stanley,NYI,D,1,1,3.24,1.25,3.30,0.00,68.77,222.59,-11.62,0.093,0.329,0.009,1.529,1.171,1.512,0,0,0,0,3,1,,,,,,,,,,,,N,no preseason projection; position default used as prior
188,178,224,Lian Bichsel,DAL,D,1,1,3.24,1.25,3.30,0.00,68.77,222.59,-11.62,0.093,0.329,0.009,1.529,1.171,1.512,0,0,0,0,3,1,,,,,,,,,,,,N,no preseason projection; position default used as prior
189,179,225,Justin Faulk,DET,D,1,1,3.12,1.00,3.22,0.50,71.24,222.59,-11.62,0.105,0.286,0.008,1.572,1.046,1.463,0,0,0,1,2,0,,,,,,,,,,,,Y,
190,180,226,Noah Warren,ANA,D,1,1,3.24,3.25,3.30,3.00,68.77,222.55,-11.66,0.093,0.356,0.009,1.529,0.989,1.435,0,1,0,0,1,0,,,,,,,,,,,,N,no preseason projection; position default used as prior
191,251,182,Mathieu Joseph,EDM,RW,2,2,4.43,4.00,4.33,2.00,67.09,297.49,-11.66,0.292,0.429,0.011,2.125,1.688,0.651,0,1,0,2,10,3,,,,,,,,,,,,N,no preseason projection; position default used as prior
192,245,161,Jeff Malott,ANA,LW,1,1,4.44,6.75,4.33,5.00,67.19,298.12,-11.77,0.323,0.414,0.012,2.196,1.387,0.547,1,0,0,1,5,1,,,,,,,,,,,,N,no preseason projection; position default used as prior
193,246,163,Anthony-John (AJ) Greer,ANA,LW,1,1,4.44,6.00,4.33,5.00,67.19,298.06,-11.82,0.299,0.441,0.012,2.383,1.115,0.547,0,1,0,4,2,1,,,,,,,,,,,,N,no preseason projection; position default used as prior
194,183,229,Cam Fowler,STL,D,1,1,3.23,1.50,3.30,1.00,68.77,222.20,-12.01,0.093,0.329,0.009,1.654,0.898,1.512,0,0,0,2,0,1,,,,,,,,,,,,N,no preseason projection; position default used as prior
195,184,230,Nils Lundkvist,DAL,D,1,1,3.23,1.50,3.30,1.00,68.77,222.20,-12.01,0.093,0.329,0.009,1.654,0.898,1.512,0,0,0,2,0,1,,,,,,,,,,,,N,no preseason projection; position default used as prior
196,254,184,Easton Cowan,TOR,RW,2,2,4.43,6.62,4.33,6.25,67.09,297.09,-12.06,0.316,0.456,0.011,2.243,1.105,0.436,1,2,0,4,3,0,,,,,,,,,,,,N,no preseason projection; position default used as prior
197,248,165,Jordan Greenway,CHI,LW,2,2,4.44,4.88,4.33,3.75,67.09,297.75,-12.14,0.316,0.402,0.011,2.361,1.272,0.579,1,0,0,6,5,2,,,,,,,,,,,,N,no preseason projection; position default used as prior
198,186,232,Ryan Shea,EDM,D,2,2,3.24,4.25,3.30,4.00,68.58,222.02,-12.19,0.115,0.347,0.008,1.498,0.990,1.333,1,1,0,1,2,0,,,,,,,,,,,,N,no preseason projection; position default used as prior
199,187,233,Nikita Zadorov,BOS,D,2,2,3.08,5.25,2.89,3.25,72.15,221.94,-12.28,0.059,0.272,0.008,1.182,2.932,1.311,0,2,0,1,10,3,,,,,,,,,,,,Y,
200,252,170,Trevor Moore,LAK,LW,1,1,4.43,8.25,4.33,7.50,67.19,297.39,-12.50,0.323,0.414,0.036,2.258,1.024,0.547,1,0,1,2,1,1,,,,,,,,,,,,N,no preseason projection; position default used as prior
201,222,159,Michael McCarron,MIN,C,1,1,4.49,6.50,4.33,5.00,67.19,301.59,-12.50,0.299,0.441,0.012,2.383,1.478,0.470,0,1,0,4,6,0,,,,,,,,,,,,N,no preseason projection; position default used as prior
202,257,191,Porter Martone,PHI,RW,2,2,4.35,0.25,4.71,0.25,68.16,296.64,-12.52,0.331,0.383,0.000,2.594,1.109,0.276,0,0,0,1,0,0,,,,,,,,,,,,Y,
203,223,162,Dylan Strome,WSH,C,1,1,4.16,7.50,4.05,7.00,72.55,301.56,-12.53,0.248,0.584,0.000,1.810,0.171,0.687,0,2,0,2,0,1,,,,,,,,,,,,Y,
204,188,236,Wyatt Kaiser,CHI,D,2,2,3.23,2.75,3.30,1.75,68.58,221.61,-12.60,0.091,0.347,0.008,1.498,0.823,1.618,0,1,0,1,0,4,,,,,,,,,,,,N,no preseason projection; position default used as prior
205,189,237,Ryan McDonagh,TBL,D,1,1,3.22,1.25,3.30,0.50,68.77,221.61,-12.60,0.093,0.329,0.009,1.591,0.989,1.512,0,0,0,1,1,1,,,,,,,,,,,,N,no preseason projection; position default used as prior
206,228,164,Mark Kastelic,BOS,C,2,2,4.49,6.00,4.33,4.25,67.09,301.49,-12.60,0.316,0.429,0.011,2.125,1.355,0.722,1,1,0,2,6,4,,,,,,,,,,,,N,no preseason projection; position default used as prior
207,191,240,William Borgen,BOS,D,2,2,3.23,2.62,3.30,1.75,68.58,221.41,-12.80,0.091,0.347,0.008,1.498,1.240,1.404,0,1,0,1,5,1,,,,,,,,,,,,N,no preseason projection; position default used as prior
208,231,167,Robert Thomas,STL,C,1,1,4.53,0.00,4.71,0.00,66.44,301.04,-13.05,0.278,0.682,0.034,1.660,0.152,0.598,0,0,0,0,0,0,,,,,,,,,,,,Y,
209,259,197,Kaapo Kakko,SEA,RW,1,1,4.41,8.50,4.33,8.00,67.19,296.09,-13.07,0.323,0.441,0.012,2.196,0.933,0.547,1,1,0,1,0,1,,,,,,,,,,,,N,no preseason projection; position default used as prior
210,283,151,Brandon Bussi,CAR,G,2,2,5.82,3.15,6.09,3.15,45.48,264.87,-13.09,,,,,,,,,,,,,2,0.555,0.630,21.138,2.538,0.043,0,41,6,0,0.872,Y,
211,193,243,Timothy Liljegren,WSH,D,1,1,3.21,1.00,3.30,0.00,68.77,221.03,-13.19,0.093,0.329,0.009,1.529,1.080,1.512,0,0,0,0,2,1,,,,,,,,,,,,N,no preseason projection; position default used as prior
212,194,244,Jake Christiansen,CBJ,D,1,1,3.21,1.00,3.30,0.00,68.77,221.03,-13.19,0.093,0.329,0.009,1.529,1.080,1.512,0,0,0,0,2,1,,,,,,,,,,,,N,no preseason projection; position default used as prior
213,233,169,Charlie Coyle,CBJ,C,1,1,4.48,10.00,4.33,9.00,67.19,300.86,-13.23,0.299,0.497,0.012,2.133,1.115,0.547,0,3,0,0,2,1,,,,,,,,,,,,N,no preseason projection; position default used as prior
214,195,245,Chris Tanev,TOR,D,2,2,3.22,1.75,3.30,0.25,68.58,220.95,-13.26,0.091,0.320,0.008,1.498,0.823,1.761,0,0,0,1,0,6,,,,,,,,,,,,N,no preseason projection; position default used as prior
215,260,199,Joel Armia,LAK,RW,1,1,4.40,8.00,4.33,7.50,67.19,295.86,-13.29,0.323,0.414,0.036,2.258,0.933,0.547,1,0,1,2,0,1,,,,,,,,,,,,N,no preseason projection; position default used as prior
216,197,249,Jonas Siegenthaler,NJD,D,1,1,3.21,1.00,3.30,0.00,68.77,220.55,-13.67,0.093,0.329,0.009,1.529,0.898,1.589,0,0,0,0,0,2,,,,,,,,,,,,N,no preseason projection; position default used as prior
217,198,250,Ryan Lindgren,SEA,D,1,1,3.21,1.00,3.30,0.00,68.77,220.55,-13.67,0.093,0.329,0.009,1.529,0.898,1.589,0,0,0,0,0,2,,,,,,,,,,,,N,no preseason projection; position default used as prior
218,199,251,Zach Metsa,BUF,D,1,1,3.21,1.00,3.30,0.00,68.77,220.55,-13.67,0.093,0.329,0.009,1.529,0.898,1.589,0,0,0,0,0,2,,,,,,,,,,,,N,no preseason projection; position default used as prior
219,200,258,Sam Malinski,COL,D,1,1,3.08,2.50,3.05,1.00,71.61,220.34,-13.87,0.096,0.296,0.000,1.849,0.568,1.377,0,0,0,2,0,3,,,,,,,,,,,,Y,
220,261,181,Emil Heineman,NYI,LW,1,1,4.40,7.75,4.33,7.00,67.19,295.76,-14.13,0.323,0.414,0.036,2.196,1.206,0.470,1,0,1,1,3,0,,,,,,,,,,,,N,no preseason projection; position default used as prior
221,201,259,Kevin Bahl,CGY,D,1,1,3.20,1.00,3.30,0.50,68.77,220.05,-14.16,0.093,0.329,0.009,1.591,0.898,1.512,0,0,0,1,0,1,,,,,,,,,,,,N,no preseason projection; position default used as prior
222,202,260,Michael Kesselring,SJS,D,1,1,3.20,1.00,3.30,0.50,68.77,220.05,-14.16,0.093,0.329,0.009,1.591,0.898,1.512,0,0,0,1,0,1,,,,,,,,,,,,N,no preseason projection; position default used as prior
223,203,261,Ryan Ufko,NSH,D,1,1,3.20,1.00,3.30,0.50,68.77,220.05,-14.16,0.093,0.329,0.009,1.591,0.898,1.512,0,0,0,1,0,1,,,,,,,,,,,,N,no preseason projection; position default used as prior
224,204,262,Theo Lindstein,STL,D,1,1,3.20,1.00,3.30,0.50,68.77,220.05,-14.16,0.093,0.329,0.009,1.591,0.898,1.512,0,0,0,1,0,1,,,,,,,,,,,,N,no preseason projection; position default used as prior
225,205,263,Dmitry Kulikov,FLA,D,2,2,3.21,2.50,3.30,1.50,68.58,220.01,-14.21,0.091,0.347,0.008,1.439,0.990,1.547,0,1,0,0,2,3,,,,,,,,,,,,N,no preseason projection; position default used as prior
226,207,265,Tyrel Bauer,WPG,D,1,1,3.20,0.75,3.30,0.00,68.77,219.95,-14.27,0.093,0.329,0.009,1.529,1.171,1.435,0,0,0,0,3,0,,,,,,,,,,,,N,no preseason projection; position default used as prior
227,237,176,Brock Nelson,COL,C,1,1,4.15,11.00,4.01,11.00,72.27,299.78,-14.31,0.327,0.396,0.020,2.036,0.417,0.656,1,2,0,1,0,0,,,,,,,,,,,,Y,
228,238,177,Hendrix Lapierre,PIT,C,1,1,4.46,9.00,4.33,8.00,67.19,299.61,-14.48,0.323,0.441,0.012,2.196,1.296,0.470,1,1,0,1,4,0,,,,,,,,,,,,N,no preseason projection; position default used as prior
229,239,178,Cole Perfetti,WPG,C,1,1,4.46,6.25,4.33,5.00,67.19,299.59,-14.50,0.299,0.441,0.012,2.383,1.206,0.547,0,1,0,4,3,1,,,,,,,,,,,,N,no preseason projection; position default used as prior
230,209,270,Luke Schenn,VAN,D,2,2,3.20,2.50,3.30,2.00,68.58,219.55,-14.66,0.091,0.347,0.008,1.556,1.156,1.333,0,1,0,2,4,0,,,,,,,,,,,,N,no preseason projection; position default used as prior
231,240,179,Logan Cooley,UTA,C,1,1,4.58,4.50,4.55,3.00,65.31,299.36,-14.73,0.343,0.489,0.021,1.953,1.211,0.510,0,1,0,0,4,1,,,,,,,,,,,,Y,
232,210,271,Brenden Dillon,NJD,D,1,1,3.19,0.75,3.30,0.00,68.77,219.46,-14.75,0.093,0.329,0.009,1.529,0.989,1.512,0,0,0,0,1,1,,,,,,,,,,,,N,no preseason projection; position default used as prior
233,211,272,Brandon Carlo,STL,D,1,1,3.19,0.75,3.30,0.00,68.77,219.46,-14.75,0.093,0.329,0.009,1.529,0.989,1.512,0,0,0,0,1,1,,,,,,,,,,,,N,no preseason projection; position default used as prior
234,212,273,Albert Johansson,DET,D,1,1,3.19,0.75,3.30,0.00,68.77,219.46,-14.75,0.093,0.329,0.009,1.529,0.989,1.512,0,0,0,0,1,1,,,,,,,,,,,,N,no preseason projection; position default used as prior
235,213,274,Anton Johansson,DET,D,1,1,3.19,0.75,3.30,0.00,68.77,219.46,-14.75,0.093,0.329,0.009,1.529,0.989,1.512,0,0,0,0,1,1,,,,,,,,,,,,N,no preseason projection; position default used as prior
236,271,221,Jordan Eberle,SEA,RW,1,1,4.38,6.50,4.33,6.50,67.19,294.20,-14.96,0.323,0.414,0.012,2.383,0.933,0.470,1,0,0,4,0,0,,,,,,,,,,,,N,no preseason projection; position default used as prior
237,272,222,Vasily Podkolzin,EDM,RW,2,2,4.06,11.88,3.53,11.00,72.50,294.16,-14.99,0.279,0.252,0.000,2.077,2.933,0.547,3,1,0,11,7,0,,,,,,,,,,,,Y,
238,267,187,Will Cuylle,NYR,LW,3,3,4.09,3.25,4.17,2.33,72.03,294.87,-15.02,0.231,0.261,0.011,2.054,3.678,0.602,0,1,0,8,11,0,,,,,,,,,,,,Y,
239,268,190,Jaden Schwartz,COL,LW,1,1,4.39,7.00,4.33,6.50,67.19,294.78,-15.11,0.299,0.469,0.012,2.196,1.115,0.470,0,2,0,1,2,0,,,,,,,,,,,,N,no preseason projection; position default used as prior
240,215,279,Zach Bogosian,MIN,D,1,1,3.18,0.75,3.30,0.50,68.77,218.97,-15.24,0.093,0.329,0.009,1.591,0.989,1.435,0,0,0,1,1,0,,,,,,,,,,,,N,no preseason projection; position default used as prior
241,304,157,Jacob Markstrom,FLA,G,1,2,6.00,10.50,5.99,10.50,43.76,262.55,-15.42,,,,,,,,,,,,,1,0.534,0.543,22.748,2.655,0.068,1,15,0,1,1.000,Y,
242,216,280,Martin Fehervary,WSH,D,1,1,3.01,3.25,2.94,0.50,72.55,218.72,-15.49,0.055,0.260,0.008,0.937,1.439,2.286,0,0,0,1,1,5,,,,,,,,,,,,Y,
243,244,185,Quinton Byfield,LAK,C,1,1,4.14,2.50,4.15,1.50,72.08,298.58,-15.51,0.309,0.364,0.012,2.252,0.809,0.619,0,0,0,3,0,2,,,,,,,,,,,,Y,
244,217,283,Owen Power,BUF,D,1,1,3.03,6.00,3.01,6.00,72.08,218.58,-15.64,0.094,0.376,0.024,1.553,0.316,1.149,0,2,0,0,0,0,,,,,,,,,,,,Y,
245,218,286,Alexander Romanov,NYI,D,1,1,3.20,2.50,3.21,1.00,68.32,218.43,-15.78,0.071,0.185,0.010,1.433,2.005,2.169,0,0,0,2,2,2,,,,,,,,,,,,Y,
246,219,287,Nicolas Hague,NSH,D,1,1,3.18,0.50,3.30,0.00,68.77,218.38,-15.83,0.093,0.329,0.009,1.529,1.080,1.435,0,0,0,0,2,0,,,,,,,,,,,,N,no preseason projection; position default used as prior
247,220,288,Jayden Struble,MTL,D,1,1,3.18,0.50,3.30,0.00,68.77,218.38,-15.83,0.093,0.329,0.009,1.529,1.080,1.435,0,0,0,0,2,0,,,,,,,,,,,,N,no preseason projection; position default used as prior
248,221,289,Tyson Hinds,ANA,D,1,1,3.18,0.50,3.30,0.00,68.77,218.38,-15.83,0.093,0.329,0.009,1.529,1.080,1.435,0,0,0,0,2,0,,,,,,,,,,,,N,no preseason projection; position default used as prior
249,249,193,Parker Kelly,COL,C,1,1,4.44,8.75,4.33,8.00,67.19,298.08,-16.01,0.323,0.441,0.012,2.196,1.206,0.470,1,1,0,1,3,0,,,,,,,,,,,,N,no preseason projection; position default used as prior
250,277,202,Erik Haula,LAK,LW,1,1,4.37,6.50,4.33,6.50,67.19,293.60,-16.28,0.299,0.441,0.036,2.321,0.933,0.470,0,1,1,3,0,0,,,,,,,,,,,,N,no preseason projection; position default used as prior
251,224,293,Matthew Grzelcyk,BUF,D,1,1,3.17,0.50,3.30,0.00,68.77,217.90,-16.31,0.093,0.329,0.009,1.529,0.898,1.512,0,0,0,0,0,1,,,,,,,,,,,,N,no preseason projection; position default used as prior
252,225,294,Brett Kulak,COL,D,1,1,3.17,0.50,3.30,0.00,68.77,217.90,-16.31,0.093,0.329,0.009,1.529,0.898,1.512,0,0,0,0,0,1,,,,,,,,,,,,N,no preseason projection; position default used as prior
253,226,295,Noah Juulsen,COL,D,1,1,3.17,0.50,3.30,0.00,68.77,217.90,-16.31,0.093,0.329,0.009,1.529,0.898,1.512,0,0,0,0,0,1,,,,,,,,,,,,N,no preseason projection; position default used as prior
254,227,296,Arber Xhekaj,MTL,D,1,1,3.17,0.50,3.30,0.00,68.77,217.90,-16.31,0.093,0.329,0.009,1.529,0.898,1.512,0,0,0,0,0,1,,,,,,,,,,,,N,no preseason projection; position default used as prior
255,253,196,John Tavares,TOR,C,2,2,4.19,3.62,4.16,2.75,71.08,297.75,-16.34,0.303,0.418,0.000,2.131,0.925,0.553,0,1,0,5,1,3,,,,,,,,,,,,Y,
256,278,207,Jared McCann,SEA,LW,1,1,4.41,11.00,4.21,11.00,66.44,293.26,-16.62,0.300,0.486,0.006,2.385,0.617,0.498,0,3,0,4,0,0,,,,,,,,,,,,Y,
257,229,303,Luca Cagnoni,SJS,D,1,1,3.18,10.50,2.92,9.00,68.32,217.48,-16.74,0.126,0.329,0.000,2.045,0.408,1.012,1,1,0,3,0,3,,,,,,,,,,,,Y,
258,230,304,Charles Alexis Legault,CAR,D,2,2,3.17,1.38,3.30,0.50,68.58,217.46,-16.75,0.091,0.320,0.008,1.556,1.073,1.475,0,0,0,2,3,2,,,,,,,,,,,,N,no preseason projection; position default used as prior
259,232,305,Bowen Byram,CHI,D,2,2,3.00,0.75,3.18,0.00,72.50,217.41,-16.80,0.092,0.401,0.012,1.139,0.597,1.275,0,0,0,0,0,3,,,,,,,,,,,,Y,
260,255,201,Eetu Luostarinen,FLA,C,2,2,4.43,6.25,4.33,5.50,67.09,297.20,-16.89,0.339,0.402,0.011,2.243,1.188,0.508,2,0,0,4,4,1,,,,,,,,,,,,N,no preseason projection; position default used as prior
261,287,227,J.T. Miller,NYR,"C,LW,RW",3,3,4.33,1.67,4.56,0.83,67.42,292.18,-16.97,0.232,0.501,0.027,1.874,1.999,0.590,0,0,0,5,6,2,,,,,,,,,,,,Y,
262,258,205,Ryan Strome,CGY,C,1,1,4.42,7.00,4.33,6.50,67.19,296.79,-17.30,0.323,0.414,0.012,2.383,0.933,0.547,1,0,0,4,0,1,,,,,,,,,,,,N,no preseason projection; position default used as prior
263,235,313,Daemon Hunt,MIN,D,1,1,3.15,0.25,3.30,0.00,68.77,216.82,-17.39,0.093,0.329,0.009,1.529,0.989,1.435,0,0,0,0,1,0,,,,,,,,,,,,N,no preseason projection; position default used as prior
264,236,314,Travis Mitchell,ANA,D,1,1,3.15,0.25,3.30,0.00,68.77,216.82,-17.39,0.093,0.329,0.009,1.529,0.989,1.435,0,0,0,0,1,0,,,,,,,,,,,,N,no preseason projection; position default used as prior
265,285,214,Daniil But,UTA,LW,1,1,4.35,5.75,4.33,5.00,67.19,292.48,-17.40,0.323,0.414,0.012,2.196,1.206,0.470,1,0,0,1,3,0,,,,,,,,,,,,N,no preseason projection; position default used as prior
266,290,264,Dalibor Dvorsky,STL,RW,1,1,4.34,5.75,4.33,5.50,67.19,291.53,-17.63,0.323,0.414,0.012,2.258,1.024,0.470,1,0,0,2,1,0,,,,,,,,,,,,N,no preseason projection; position default used as prior
267,336,180,Dan Vladar,PHI,G,1,2,5.95,2.30,6.02,2.30,43.76,260.27,-17.69,,,,,,,,,,,,,1,0.534,0.528,23.680,2.823,0.028,0,31,7,0,0.816,Y,
268,262,215,Noah Ostlund,BUF,C,1,1,4.40,7.50,4.33,7.50,67.19,295.93,-18.16,0.299,0.469,0.012,2.321,0.933,0.470,0,2,0,3,0,0,,,,,,,,,,,,N,no preseason projection; position default used as prior
269,263,217,Pierre-Luc Dubois,WSH,C,1,1,4.40,7.25,4.33,6.50,67.19,295.84,-18.25,0.299,0.469,0.012,2.196,1.024,0.547,0,2,0,1,1,1,,,,,,,,,,,,N,no preseason projection; position default used as prior
270,296,278,Danila Yurov,MIN,RW,1,1,4.33,4.25,4.33,3.50,67.19,290.71,-18.45,0.299,0.441,0.012,2.196,1.206,0.470,0,1,0,1,3,0,,,,,,,,,,,,N,no preseason projection; position default used as prior
271,264,228,Nicolas Roy,COL,C,1,1,4.40,6.50,4.33,5.50,67.19,295.64,-18.45,0.323,0.414,0.012,2.258,1.115,0.547,1,0,0,2,2,1,,,,,,,,,,,,N,no preseason projection; position default used as prior
272,293,235,Samuel Honzek,CGY,LW,1,1,4.34,2.50,4.33,1.00,67.19,291.32,-18.57,0.299,0.414,0.012,2.258,1.296,0.547,0,0,0,2,4,1,,,,,,,,,,,,N,no preseason projection; position default used as prior
273,294,238,Ross Johnston,STL,LW,1,1,4.33,2.25,4.33,0.00,67.19,291.23,-18.66,0.299,0.414,0.012,2.133,1.387,0.624,0,0,0,0,5,2,,,,,,,,,,,,N,no preseason projection; position default used as prior
274,241,330,Kris Letang,PIT,D,1,1,3.10,5.50,3.01,5.00,69.45,215.56,-18.66,0.073,0.335,0.004,1.597,1.457,1.199,0,1,0,4,2,0,,,,,,,,,,,,Y,
275,299,246,Seth Jarvis,CAR,"LW,RW",0,2,5.67,,5.67,,51.21,290.46,-18.70,0.432,0.489,0.088,3.087,1.189,0.494,0,0,0,0,0,0,,,,,,,,,,,,Y,
276,295,239,Drew O'Connor,VAN,LW,2,2,4.34,3.50,4.33,2.25,67.09,291.08,-18.81,0.292,0.429,0.011,2.184,1.188,0.651,0,1,0,3,4,3,,,,,,,,,,,,N,no preseason projection; position default used as prior
277,269,231,Freddy Gaudreau,SEA,C,1,1,4.39,6.50,4.33,5.50,67.19,295.17,-18.92,0.323,0.414,0.012,2.258,0.933,0.624,1,0,0,2,0,2,,,,,,,,,,,,N,no preseason projection; position default used as prior
278,242,333,Brett Pesce,NJD,D,1,1,3.13,0.00,3.30,0.00,68.77,215.26,-18.96,0.093,0.329,0.009,1.529,0.898,1.435,0,0,0,0,0,0,,,,,,,,,,,,N,no preseason projection; position default used as prior
279,243,335,Adam Larsson,SEA,D,1,1,2.95,2.75,2.90,0.50,72.93,215.21,-19.01,0.072,0.212,0.000,1.225,1.651,1.931,0,0,0,1,5,2,,,,,,,,,,,,Y,
280,310,284,Zachary Bolduc,MTL,RW,1,1,4.32,5.50,4.33,5.50,67.19,290.00,-19.15,0.323,0.414,0.012,2.258,0.933,0.470,1,0,0,2,0,0,,,,,,,,,,,,N,no preseason projection; position default used as prior
281,311,285,Ville Koivunen,PIT,RW,1,1,4.32,5.50,4.33,5.50,67.19,290.00,-19.15,0.323,0.414,0.012,2.258,0.933,0.470,1,0,0,2,0,0,,,,,,,,,,,,N,no preseason projection; position default used as prior
282,270,234,Morgan Barron,WPG,C,1,1,4.39,5.25,4.33,4.00,67.19,294.92,-19.17,0.299,0.441,0.012,2.258,1.024,0.624,0,1,0,2,1,2,,,,,,,,,,,,N,no preseason projection; position default used as prior
283,314,292,Bobby Brink,MIN,RW,1,1,4.31,4.25,4.33,4.00,67.19,289.75,-19.40,0.299,0.441,0.012,2.258,1.024,0.470,0,1,0,2,1,0,,,,,,,,,,,,N,no preseason projection; position default used as prior
284,301,247,Danton Heinen,CBJ,LW,1,1,4.32,2.50,4.33,1.00,67.19,290.38,-19.51,0.299,0.414,0.012,2.258,0.933,0.701,0,0,0,2,0,3,,,,,,,,,,,,N,no preseason projection; position default used as prior
285,247,343,Tom Willander,VAN,D,2,2,3.13,2.00,3.30,1.50,68.58,214.70,-19.51,0.091,0.347,0.008,1.439,0.823,1.475,0,1,0,0,0,2,,,,,,,,,,,,N,no preseason projection; position default used as prior
286,302,248,Liam Ohgren,VAN,LW,2,2,4.33,4.38,4.33,3.50,67.09,290.35,-19.53,0.292,0.456,0.011,2.125,0.938,0.651,0,2,0,2,1,3,,,,,,,,,,,,N,no preseason projection; position default used as prior
287,306,254,Dmitri Voronkov,CBJ,LW,1,1,4.32,4.00,4.33,3.00,67.19,290.14,-19.75,0.299,0.441,0.012,2.133,1.296,0.470,0,1,0,0,4,0,,,,,,,,,,,,N,no preseason projection; position default used as prior
288,250,352,Jalen Chatfield,CAR,D,2,2,3.13,1.00,3.30,0.00,68.58,214.44,-19.77,0.091,0.320,0.008,1.439,0.990,1.547,0,0,0,0,2,3,,,,,,,,,,,,N,no preseason projection; position default used as prior
289,319,268,Aliaksei Protas,WSH,"LW,RW",1,1,4.11,4.50,4.09,4.00,70.39,289.37,-19.79,0.304,0.422,0.047,2.049,0.340,0.549,0,1,0,2,0,1,,,,,,,,,,,,Y,
290,320,299,Arseny Gritsyuk,NJD,RW,1,1,4.31,2.25,4.33,1.00,67.19,289.32,-19.83,0.299,0.414,0.012,2.258,1.024,0.624,0,0,0,2,1,2,,,,,,,,,,,,N,no preseason projection; position default used as prior
291,274,241,Marc Gatcomb,VGK,C,2,2,4.39,3.75,4.33,2.50,67.09,294.25,-19.84,0.292,0.429,0.011,2.243,1.688,0.436,0,1,0,4,10,0,,,,,,,,,,,,N,no preseason projection; position default used as prior
292,308,255,Nick Foligno,MIN,LW,1,1,4.32,5.50,4.33,5.50,67.19,290.00,-19.89,0.323,0.414,0.012,2.258,0.933,0.470,1,0,0,2,0,0,,,,,,,,,,,,N,no preseason projection; position default used as prior
293,309,256,Alex Killorn,ANA,LW,1,1,4.32,5.50,4.33,5.50,67.19,290.00,-19.89,0.323,0.414,0.012,2.258,0.933,0.470,1,0,0,2,0,0,,,,,,,,,,,,N,no preseason projection; position default used as prior
294,275,242,Joel Eriksson Ek,MIN,C,1,1,4.71,1.75,4.81,1.50,62.49,294.15,-19.94,0.312,0.411,0.000,2.854,1.532,0.519,0,0,0,3,1,0,,,,,,,,,,,,Y,
295,325,277,John-Jason Peterka,BOS,"LW,RW",2,2,4.04,6.25,3.90,6.00,71.53,288.83,-20.32,0.360,0.379,0.000,2.191,0.217,0.263,2,0,0,6,0,1,,,,,,,,,,,,Y,
296,279,252,Colton Sissons,TOR,C,2,2,4.38,4.25,4.33,2.75,67.09,293.65,-20.44,0.316,0.402,0.011,2.125,1.355,0.651,1,0,0,2,6,3,,,,,,,,,,,,N,no preseason projection; position default used as prior
297,280,253,Cole Sillinger,CBJ,C,1,1,4.37,6.25,4.33,6.00,67.19,293.63,-20.46,0.323,0.414,0.012,2.321,1.024,0.470,1,0,0,3,1,0,,,,,,,,,,,,N,no preseason projection; position default used as prior
298,318,267,Anthony Duclair,NYI,LW,1,1,4.31,2.50,4.33,2.00,67.19,289.41,-20.48,0.299,0.414,0.012,2.383,0.933,0.547,0,0,0,4,0,1,,,,,,,,,,,,N,no preseason projection; position default used as prior
299,321,269,Beck Malenstyn,BUF,LW,1,1,4.30,2.00,4.33,0.50,67.19,289.22,-20.67,0.299,0.414,0.012,2.196,1.296,0.547,0,0,0,1,4,1,,,,,,,,,,,,N,no preseason projection; position default used as prior
300,256,366,Morgan Rielly,TOR,D,2,2,2.98,4.00,2.97,3.50,71.71,213.51,-20.70,0.086,0.338,0.004,1.536,0.483,1.367,0,2,0,2,2,1,,,,,,,,,,,,Y,
301,324,276,Brandon Duhaime,TOR,LW,2,2,4.31,2.25,4.33,0.50,67.09,288.86,-21.03,0.292,0.402,0.011,2.125,1.355,0.722,0,0,0,2,6,4,,,,,,,,,,,,N,no preseason projection; position default used as prior
302,284,266,Ryan Winterton,SEA,C,1,1,4.36,5.00,4.33,4.50,67.19,292.91,-21.18,0.299,0.441,0.012,2.321,0.933,0.547,0,1,0,3,0,1,,,,,,,,,,,,N,no preseason projection; position default used as prior
303,338,317,Bryan Rust,PIT,RW,0,1,4.67,,4.67,,61.64,287.96,-21.20,0.340,0.443,0.018,2.333,0.620,0.907,0,0,0,0,0,0,,,,,,,,,,,,Y,
304,344,320,Michael Brandsegg-Nygård,DET,RW,1,1,4.28,2.00,4.33,1.50,67.19,287.78,-21.38,0.299,0.414,0.012,2.321,1.115,0.470,0,0,0,3,2,0,,,,,,,,,,,,N,no preseason projection; position default used as prior
305,346,321,Jacob Melanson,SEA,RW,1,1,4.28,1.75,4.33,0.50,67.19,287.69,-21.46,0.299,0.414,0.012,2.196,1.206,0.547,0,0,0,1,3,1,,,,,,,,,,,,N,no preseason projection; position default used as prior
306,289,275,Shane Wright,SEA,C,1,1,4.35,4.75,4.33,4.00,67.19,292.34,-21.75,0.299,0.441,0.012,2.258,1.024,0.547,0,1,0,2,1,1,,,,,,,,,,,,N,no preseason projection; position default used as prior
307,340,290,Victor Olofsson,VGK,LW,2,2,4.29,4.75,4.33,4.50,67.09,287.88,-22.00,0.316,0.429,0.011,2.184,0.855,0.508,1,1,0,3,0,1,,,,,,,,,,,,N,no preseason projection; position default used as prior
308,342,291,Sandis Vilmanis,FLA,LW,2,2,4.29,2.12,4.33,0.50,67.09,287.86,-22.03,0.292,0.402,0.011,2.125,1.438,0.651,0,0,0,2,7,3,,,,,,,,,,,,N,no preseason projection; position default used as prior
309,353,329,Keegan Kolesar,DET,RW,1,1,4.27,1.50,4.33,0.00,67.19,287.12,-22.04,0.299,0.414,0.012,2.133,1.296,0.547,0,0,0,0,4,1,,,,,,,,,,,,N,no preseason projection; position default used as prior
310,265,391,Simon Benoit,PHI,D,2,2,3.09,0.75,3.30,0.25,68.58,211.97,-22.24,0.091,0.320,0.008,1.498,1.156,1.333,0,0,0,1,4,0,,,,,,,,,,,,N,no preseason projection; position default used as prior
311,266,393,Uvis Balinskis,FLA,D,1,2,3.27,1.75,3.30,0.50,64.85,211.94,-22.27,0.093,0.329,0.009,1.591,1.171,1.512,0,0,0,1,3,1,,,,,,,,,,,,N,no preseason projection; position default used as prior
312,291,281,Ross Colton,NSH,C,1,1,4.34,2.50,4.33,1.00,67.19,291.79,-22.30,0.299,0.414,0.012,2.258,1.478,0.470,0,0,0,2,6,0,,,,,,,,,,,,N,no preseason projection; position default used as prior
313,292,282,Tim Washe,ANA,C,1,1,4.34,4.50,4.33,3.50,67.19,291.76,-22.33,0.299,0.441,0.012,2.196,1.115,0.547,0,1,0,1,2,1,,,,,,,,,,,,N,no preseason projection; position default used as prior
314,361,338,Arttu Hyry,DAL,RW,1,1,4.27,1.50,4.33,0.50,67.19,286.64,-22.52,0.299,0.414,0.012,2.196,1.296,0.470,0,0,0,1,4,0,,,,,,,,,,,,N,no preseason projection; position default used as prior
315,362,340,Ilya Mikheyev,TBL,RW,1,1,4.27,3.50,4.33,3.00,67.19,286.61,-22.54,0.299,0.441,0.012,2.133,0.933,0.547,0,1,0,0,0,1,,,,,,,,,,,,N,no preseason projection; position default used as prior
316,352,301,Joel Farabee,CGY,LW,1,1,4.27,1.75,4.33,0.50,67.19,287.22,-22.66,0.299,0.414,0.012,2.196,1.024,0.624,0,0,0,1,1,2,,,,,,,,,,,,N,no preseason projection; position default used as prior
317,365,344,Anthony Beauvillier,WSH,RW,1,1,4.26,1.75,4.33,1.50,67.19,286.25,-22.90,0.299,0.414,0.012,2.321,1.024,0.470,0,0,0,3,1,0,,,,,,,,,,,,N,no preseason projection; position default used as prior
318,366,345,Pontus Holmberg,TBL,RW,1,1,4.26,1.75,4.33,1.50,67.19,286.25,-22.90,0.299,0.414,0.012,2.321,1.024,0.470,0,0,0,3,1,0,,,,,,,,,,,,N,no preseason projection; position default used as prior
319,356,307,Carter Verhaeghe,FLA,LW,2,2,4.03,2.12,4.20,1.75,71.26,286.91,-22.98,0.290,0.390,0.000,2.312,0.907,0.335,0,1,0,1,1,1,,,,,,,,,,,,Y,
320,358,309,Joel Kiviranta,DAL,LW,1,1,4.27,1.75,4.33,1.00,67.19,286.74,-23.15,0.299,0.414,0.012,2.258,1.024,0.547,0,0,0,2,1,1,,,,,,,,,,,,N,no preseason projection; position default used as prior
321,297,297,Kyle Palmieri,NYI,C,1,1,4.33,2.75,4.33,2.00,67.19,290.94,-23.15,0.299,0.414,0.012,2.383,1.024,0.547,0,0,0,4,1,1,,,,,,,,,,,,N,no preseason projection; position default used as prior
322,298,298,Brayden Point,TBL,C,1,1,4.29,4.00,4.31,3.50,67.76,290.94,-23.15,0.318,0.511,0.000,2.070,0.192,0.494,0,1,0,1,0,1,,,,,,,,,,,,Y,
323,360,311,Jeff Viel,TBL,LW,1,1,4.27,1.50,4.33,0.50,67.19,286.64,-23.25,0.299,0.414,0.012,2.196,1.296,0.470,0,0,0,1,4,0,,,,,,,,,,,,N,no preseason projection; position default used as prior
324,300,300,Trent Frederic,EDM,C,2,2,4.33,4.00,4.33,3.00,67.09,290.83,-23.26,0.316,0.402,0.011,2.184,1.355,0.508,1,0,0,3,6,1,,,,,,,,,,,,N,no preseason projection; position default used as prior
325,273,406,Neal Pionk,WPG,D,1,1,3.33,1.75,3.40,1.00,63.33,210.90,-23.31,0.097,0.263,0.006,1.810,1.870,1.433,0,0,0,2,1,1,,,,,,,,,,,,Y,
326,305,302,Jordan Staal,CAR,C,2,2,4.33,2.38,4.33,0.75,67.09,290.63,-23.46,0.292,0.402,0.011,2.184,1.772,0.508,0,0,0,3,11,1,,,,,,,,,,,,N,no preseason projection; position default used as prior
327,377,356,Isak Rosén,WPG,RW,1,1,4.25,1.50,4.33,0.50,67.19,285.70,-23.46,0.299,0.414,0.012,2.196,0.933,0.624,0,0,0,1,0,2,,,,,,,,,,,,N,no preseason projection; position default used as prior
328,378,357,T.J. Hughes,COL,RW,1,1,4.25,1.50,4.33,1.00,67.19,285.68,-23.47,0.299,0.414,0.012,2.258,1.115,0.470,0,0,0,2,2,0,,,,,,,,,,,,N,no preseason projection; position default used as prior
329,425,257,Kevin Lankinen,VAN,G,2,2,5.24,1.75,5.82,1.75,48.58,254.42,-23.54,,,,,,,,,,,,,2,0.592,0.359,25.562,3.615,0.036,1,45,13,0,0.789,Y,
330,364,316,Arshdeep Bains,VAN,LW,2,2,4.27,4.50,4.33,4.00,67.09,286.33,-23.55,0.316,0.429,0.011,2.067,0.855,0.579,1,1,0,1,0,2,,,,,,,,,,,,N,no preseason projection; position default used as prior
331,307,306,Sean Monahan,CBJ,C,1,1,4.32,5.50,4.33,5.00,67.19,290.49,-23.60,0.323,0.414,0.012,2.196,0.933,0.547,1,0,0,1,0,1,,,,,,,,,,,,N,no preseason projection; position default used as prior
332,276,414,Ivan Provorov,CBJ,D,0,1,3.05,,3.05,,68.98,210.42,-23.80,0.098,0.285,0.012,1.681,0.341,1.606,0,0,0,0,0,0,,,,,,,,,,,,Y,
333,313,308,Fraser Minten,BOS,C,2,2,4.33,5.00,4.33,4.75,67.09,290.26,-23.83,0.316,0.429,0.011,2.243,1.022,0.436,1,1,0,4,2,0,,,,,,,,,,,,N,no preseason projection; position default used as prior
334,315,310,Roope Hintz,DAL,C,1,1,4.44,0.50,4.58,0.00,65.31,290.12,-23.97,0.298,0.517,0.010,2.118,1.039,0.420,0,0,0,0,2,0,,,,,,,,,,,,Y,
335,316,312,Chandler Stephenson,SEA,C,1,1,4.32,5.50,4.33,5.50,67.19,290.00,-24.09,0.323,0.414,0.012,2.258,0.933,0.470,1,0,0,2,0,0,,,,,,,,,,,,N,no preseason projection; position default used as prior
336,317,315,Mavrik Bourque,NSH,C,1,1,4.31,2.50,4.33,2.00,67.19,289.88,-24.21,0.299,0.414,0.012,2.383,1.115,0.470,0,0,0,4,2,0,,,,,,,,,,,,N,no preseason projection; position default used as prior
337,281,427,Gustav Forsling,FLA,D,1,2,3.08,7.25,2.92,5.50,67.98,209.59,-24.62,0.108,0.282,0.008,1.728,0.987,1.249,1,0,0,2,3,2,,,,,,,,,,,,Y,
338,387,377,Stefan Noesen,NJD,RW,1,1,4.23,1.00,4.33,0.00,67.19,284.54,-24.62,0.299,0.414,0.012,2.133,1.296,0.470,0,0,0,0,4,0,,,,,,,,,,,,N,no preseason projection; position default used as prior
339,388,378,Adam Klapka,CGY,RW,1,1,4.23,1.00,4.33,0.00,67.19,284.54,-24.62,0.299,0.414,0.012,2.133,1.296,0.470,0,0,0,0,4,0,,,,,,,,,,,,N,no preseason projection; position default used as prior
340,322,318,Barrett Hayton,UTA,C,1,1,4.31,2.50,4.33,2.00,67.19,289.41,-24.68,0.299,0.414,0.012,2.383,0.933,0.547,0,0,0,4,0,1,,,,,,,,,,,,N,no preseason projection; position default used as prior
341,323,319,Blake Lizotte,PIT,C,1,1,4.31,2.50,4.33,2.00,67.19,289.41,-24.68,0.299,0.414,0.012,2.383,0.933,0.547,0,0,0,4,0,1,,,,,,,,,,,,N,no preseason projection; position default used as prior
342,389,379,Braeden Bowman,VGK,RW,2,2,4.24,3.50,4.33,3.25,67.09,284.42,-24.74,0.316,0.402,0.011,2.243,0.855,0.508,1,0,0,4,0,1,,,,,,,,,,,,N,no preseason projection; position default used as prior
343,282,429,Esa Lindell,DAL,D,1,1,2.89,2.50,2.85,0.50,72.55,209.46,-24.75,0.059,0.272,0.016,1.023,0.596,2.226,0,0,0,1,2,3,,,,,,,,,,,,Y,
344,381,331,Chris Kreider,MTL,LW,1,1,4.24,1.25,4.33,0.50,67.19,285.11,-24.78,0.299,0.414,0.012,2.196,1.206,0.470,0,0,0,1,3,0,,,,,,,,,,,,N,no preseason projection; position default used as prior
345,391,381,Ryan Leonard,WSH,RW,1,1,4.07,7.00,3.96,6.00,69.92,284.30,-24.85,0.297,0.329,0.000,2.243,1.704,0.390,1,0,0,3,2,1,,,,,,,,,,,,Y,
346,326,322,Yegor Sharangovich,CGY,C,1,1,4.30,4.00,4.33,3.50,67.19,289.18,-24.91,0.299,0.441,0.012,2.196,1.115,0.470,0,1,0,1,2,0,,,,,,,,,,,,N,no preseason projection; position default used as prior
347,327,323,Kirby Dach,MTL,C,1,1,4.30,4.00,4.33,3.50,67.19,289.18,-24.91,0.299,0.441,0.012,2.196,1.115,0.470,0,1,0,1,2,0,,,,,,,,,,,,N,no preseason projection; position default used as prior
348,328,324,Alex Turcotte,LAK,C,1,1,4.30,4.00,4.33,3.50,67.19,289.18,-24.91,0.299,0.441,0.012,2.196,1.115,0.470,0,1,0,1,2,0,,,,,,,,,,,,N,no preseason projection; position default used as prior
349,396,382,Victor Eklund,NYI,RW,1,1,4.23,1.25,4.33,1.00,67.19,284.15,-25.00,0.299,0.414,0.012,2.258,1.024,0.470,0,0,0,2,1,0,,,,,,,,,,,,N,no preseason projection; position default used as prior
350,286,435,Shakir Mukhamadullin,EDM,D,2,2,3.05,0.50,3.30,0.00,68.58,209.14,-25.07,0.091,0.320,0.008,1.439,0.823,1.475,0,0,0,0,0,2,,,,,,,,,,,,N,no preseason projection; position default used as prior
351,400,383,Matthew Wood,NSH,RW,1,1,4.23,1.00,4.33,0.00,67.19,284.07,-25.09,0.299,0.414,0.012,2.133,1.115,0.547,0,0,0,0,2,1,,,,,,,,,,,,N,no preseason projection; position default used as prior
352,401,384,Carl Grundstrom,PHI,RW,2,2,4.23,1.75,4.33,0.50,67.09,284.07,-25.09,0.292,0.402,0.011,2.125,1.355,0.579,0,0,0,2,6,2,,,,,,,,,,,,N,no preseason projection; position default used as prior
353,385,342,Reid Schaefer,NSH,LW,1,1,4.24,1.25,4.33,0.50,67.19,284.64,-25.25,0.299,0.414,0.012,2.196,1.024,0.547,0,0,0,1,1,1,,,,,,,,,,,,N,no preseason projection; position default used as prior
354,332,325,Scott Laughton,LAK,C,1,1,4.30,2.25,4.33,1.50,67.19,288.84,-25.25,0.299,0.414,0.012,2.321,1.024,0.547,0,0,0,3,1,1,,,,,,,,,,,,N,no preseason projection; position default used as prior
355,333,326,Alexander Wennberg,SJS,C,1,1,4.30,2.25,4.33,1.50,67.19,288.84,-25.25,0.299,0.414,0.012,2.321,1.024,0.547,0,0,0,3,1,1,,,,,,,,,,,,N,no preseason projection; position default used as prior
356,288,437,Mario Ferraro,WPG,D,1,1,2.90,7.75,2.72,6.00,72.08,208.96,-25.25,0.090,0.176,0.004,1.220,1.688,1.849,1,0,0,3,1,3,,,,,,,,,,,,Y,
357,334,327,Oskar Bäck,DAL,C,1,1,4.30,2.00,4.33,0.00,67.19,288.76,-25.33,0.299,0.414,0.012,2.133,0.933,0.778,0,0,0,0,0,4,,,,,,,,,,,,N,no preseason projection; position default used as prior
358,335,328,Martin Pospisil,CGY,C,1,1,4.30,2.00,4.33,1.00,67.19,288.74,-25.35,0.299,0.414,0.012,2.258,1.296,0.470,0,0,0,2,4,0,,,,,,,,,,,,N,no preseason projection; position default used as prior
359,390,347,Blake Coleman,MIN,LW,1,1,4.06,6.25,4.02,5.50,70.11,284.32,-25.57,0.283,0.227,0.049,2.217,2.075,0.758,1,0,0,2,1,1,,,,,,,,,,,,Y,
360,405,392,Jonathan Lekkerimaki,VAN,RW,2,2,4.23,4.25,4.33,4.25,67.09,283.51,-25.64,0.316,0.429,0.011,2.125,0.855,0.436,1,1,0,2,0,0,,,,,,,,,,,,N,no preseason projection; position default used as prior
361,337,332,Brett Howden,VGK,C,2,2,4.30,3.38,4.33,3.00,67.09,288.41,-25.68,0.292,0.429,0.011,2.361,1.105,0.436,0,1,0,6,3,0,,,,,,,,,,,,N,no preseason projection; position default used as prior
362,395,351,Ondrej Palat,NYI,LW,1,1,4.23,1.25,4.33,1.00,67.19,284.15,-25.73,0.299,0.414,0.012,2.258,1.024,0.470,0,0,0,2,1,0,,,,,,,,,,,,N,no preseason projection; position default used as prior
363,339,334,Marco Kasper,DET,C,1,1,4.29,2.25,4.33,2.00,67.19,288.35,-25.74,0.299,0.414,0.012,2.383,1.024,0.470,0,0,0,4,1,0,,,,,,,,,,,,N,no preseason projection; position default used as prior
364,341,336,Max Sasson,VAN,C,2,2,4.30,4.75,4.33,4.25,67.09,288.31,-25.78,0.316,0.429,0.011,2.125,0.855,0.579,1,1,0,2,0,2,,,,,,,,,,,,N,no preseason projection; position default used as prior
365,399,353,Alexandre Texier,MTL,LW,1,1,4.23,1.00,4.33,0.00,67.19,284.07,-25.82,0.299,0.414,0.012,2.133,1.115,0.547,0,0,0,0,2,1,,,,,,,,,,,,N,no preseason projection; position default used as prior
366,343,337,Calum Ritchie,NYI,C,1,1,4.29,2.00,4.33,1.00,67.19,288.27,-25.82,0.299,0.414,0.012,2.258,1.115,0.547,0,0,0,2,2,1,,,,,,,,,,,,N,no preseason projection; position default used as prior
367,345,339,Jansen Harkins,TBL,C,1,1,4.29,1.75,4.33,0.50,67.19,288.16,-25.93,0.299,0.414,0.012,2.196,1.387,0.470,0,0,0,1,5,0,,,,,,,,,,,,N,no preseason projection; position default used as prior
368,347,341,Mason McTavish,STL,C,1,1,4.11,6.50,4.04,6.00,70.11,288.12,-25.97,0.303,0.372,0.000,2.251,1.223,0.395,1,0,0,3,2,0,,,,,,,,,,,,Y,
369,348,346,Ryan Poehling,ANA,C,1,1,4.28,2.00,4.33,1.00,67.19,287.80,-26.29,0.299,0.414,0.012,2.258,0.933,0.624,0,0,0,2,0,2,,,,,,,,,,,,N,no preseason projection; position default used as prior
370,404,361,Marcus Foligno,MIN,LW,1,1,4.22,1.00,4.33,0.50,67.19,283.58,-26.31,0.299,0.414,0.012,2.196,1.115,0.470,0,0,0,1,2,0,,,,,,,,,,,,N,no preseason projection; position default used as prior
371,349,348,Sam Steel,DAL,C,1,1,4.28,2.00,4.33,1.50,67.19,287.78,-26.31,0.299,0.414,0.012,2.321,1.115,0.470,0,0,0,3,2,0,,,,,,,,,,,,N,no preseason projection; position default used as prior
372,350,349,Jake Evans,MTL,C,1,1,4.28,1.75,4.33,0.50,67.19,287.69,-26.40,0.299,0.414,0.012,2.196,1.206,0.547,0,0,0,1,3,1,,,,,,,,,,,,N,no preseason projection; position default used as prior
373,351,350,Alex Newhook,MTL,C,1,1,4.28,1.75,4.33,0.50,67.19,287.69,-26.40,0.299,0.414,0.012,2.196,1.206,0.547,0,0,0,1,3,1,,,,,,,,,,,,N,no preseason projection; position default used as prior
374,407,362,Trevor Connelly,VGK,LW,2,2,4.22,3.38,4.33,3.25,67.09,283.42,-26.47,0.316,0.402,0.011,2.243,0.938,0.436,1,0,0,4,1,0,,,,,,,,,,,,N,no preseason projection; position default used as prior
375,408,364,Nick Paul,TOR,LW,2,2,4.22,2.62,4.33,1.75,67.09,283.34,-26.55,0.292,0.429,0.011,2.067,1.105,0.579,0,1,0,1,3,2,,,,,,,,,,,,N,no preseason projection; position default used as prior
376,421,403,Conor Garland,CBJ,RW,1,1,4.21,0.75,4.33,0.00,67.19,282.54,-26.62,0.299,0.414,0.012,2.133,1.024,0.547,0,0,0,0,1,1,,,,,,,,,,,,N,no preseason projection; position default used as prior
377,422,404,Collin Graf,SJS,RW,1,1,4.21,0.75,4.33,0.00,67.19,282.54,-26.62,0.299,0.414,0.012,2.133,1.024,0.547,0,0,0,0,1,1,,,,,,,,,,,,N,no preseason projection; position default used as prior
378,354,354,Sean Kuraly,BOS,C,2,2,4.28,2.12,4.33,0.75,67.09,287.44,-26.65,0.292,0.402,0.011,2.184,1.438,0.579,0,0,0,3,7,2,,,,,,,,,,,,N,no preseason projection; position default used as prior
379,355,355,Anton Lundell,FLA,C,2,2,4.21,3.88,4.16,3.00,68.24,287.34,-26.75,0.254,0.399,0.046,2.236,1.467,0.587,0,1,0,6,5,1,,,,,,,,,,,,Y,
380,357,358,Radek Faksa,DAL,C,1,1,4.27,1.75,4.33,0.50,67.19,287.22,-26.87,0.299,0.414,0.012,2.196,1.024,0.624,0,0,0,1,1,2,,,,,,,,,,,,N,no preseason projection; position default used as prior
381,359,360,Connor Dewar,PIT,C,1,1,4.27,1.50,4.33,0.00,67.19,287.12,-26.97,0.299,0.414,0.012,2.133,1.296,0.547,0,0,0,0,4,1,,,,,,,,,,,,N,no preseason projection; position default used as prior
382,303,456,Troy Stecher,TOR,D,2,2,3.02,0.25,3.30,0.00,68.58,207.10,-27.12,0.091,0.320,0.008,1.439,0.990,1.333,0,0,0,0,2,0,,,,,,,,,,,,N,no preseason projection; position default used as prior
383,414,372,William Carrier,CAR,LW,2,2,4.21,2.50,4.33,1.75,67.09,282.74,-27.15,0.292,0.429,0.011,2.067,1.355,0.436,0,1,0,1,6,0,,,,,,,,,,,,N,no preseason projection; position default used as prior
384,416,376,Max Jones,EDM,LW,2,2,4.21,1.62,4.33,0.75,67.09,282.64,-27.24,0.292,0.402,0.011,2.184,1.438,0.436,0,0,0,3,7,0,,,,,,,,,,,,N,no preseason projection; position default used as prior
385,363,363,Tyler Seguin,DAL,C,1,1,4.27,2.00,4.33,2.00,67.19,286.83,-27.26,0.299,0.414,0.012,2.383,0.933,0.470,0,0,0,4,0,0,,,,,,,,,,,,N,no preseason projection; position default used as prior
386,367,365,Mason Appleton,DET,C,1,1,4.27,1.50,4.33,0.50,67.19,286.64,-27.45,0.299,0.414,0.012,2.196,1.296,0.470,0,0,0,1,4,0,,,,,,,,,,,,N,no preseason projection; position default used as prior
387,368,367,Tommy Novak,PIT,C,1,1,4.27,3.50,4.33,3.00,67.19,286.61,-27.48,0.299,0.441,0.012,2.133,0.933,0.547,0,1,0,0,0,1,,,,,,,,,,,,N,no preseason projection; position default used as prior
388,369,368,Kevin Stenlund,UTA,C,1,1,4.27,3.50,4.33,3.00,67.19,286.61,-27.48,0.299,0.441,0.012,2.133,0.933,0.547,0,1,0,0,0,1,,,,,,,,,,,,N,no preseason projection; position default used as prior
389,312,469,Devon Toews,COL,D,1,1,3.01,6.25,2.97,6.00,68.60,206.72,-27.49,0.085,0.385,0.000,1.531,0.488,1.173,0,2,0,0,1,0,,,,,,,,,,,,Y,
390,370,369,Anthony Cirelli,TBL,C,1,1,4.09,2.75,4.06,1.50,70.11,286.56,-27.53,0.275,0.394,0.067,1.924,0.597,0.848,0,0,0,3,1,2,,,,,,,,,,,,Y,
391,438,418,Nino Niederreiter,WPG,RW,1,1,4.19,0.50,4.33,0.00,67.19,281.48,-27.67,0.299,0.414,0.012,2.133,1.115,0.470,0,0,0,0,2,0,,,,,,,,,,,,N,no preseason projection; position default used as prior
392,440,419,Judd Caulfield,ANA,RW,1,1,4.19,0.50,4.33,0.00,67.19,281.48,-27.67,0.299,0.414,0.012,2.133,1.115,0.470,0,0,0,0,2,0,,,,,,,,,,,,N,no preseason projection; position default used as prior
393,430,385,Matias Maccelli,NYI,LW,1,1,4.20,0.75,4.33,0.50,67.19,282.05,-27.83,0.299,0.414,0.012,2.196,1.024,0.470,0,0,0,1,1,0,,,,,,,,,,,,N,no preseason projection; position default used as prior
394,431,386,Andre Lee,LAK,LW,1,1,4.20,0.75,4.33,0.50,67.19,282.05,-27.83,0.299,0.414,0.012,2.196,1.024,0.470,0,0,0,1,1,0,,,,,,,,,,,,N,no preseason projection; position default used as prior
395,372,370,Cody Glass,NJD,C,1,1,4.26,1.75,4.33,1.50,67.19,286.25,-27.84,0.299,0.414,0.012,2.321,1.024,0.470,0,0,0,3,1,0,,,,,,,,,,,,N,no preseason projection; position default used as prior
396,373,371,Dawson Mercer,NJD,C,1,1,4.26,1.75,4.33,1.50,67.19,286.25,-27.84,0.299,0.414,0.012,2.321,1.024,0.470,0,0,0,3,1,0,,,,,,,,,,,,N,no preseason projection; position default used as prior
397,443,425,Owen Michaels,EDM,RW,2,2,4.19,3.00,4.33,2.50,67.09,281.29,-27.86,0.316,0.402,0.011,2.067,1.022,0.508,1,0,0,1,2,1,,,,,,,,,,,,N,no preseason projection; position default used as prior
398,374,373,Josh Norris,BUF,C,1,1,4.26,1.50,4.33,0.50,67.19,286.17,-27.92,0.299,0.414,0.012,2.196,1.115,0.547,0,0,0,1,2,1,,,,,,,,,,,,N,no preseason projection; position default used as prior
399,375,374,Connor Zary,CGY,C,1,1,4.26,3.50,4.33,3.50,67.19,286.13,-27.96,0.299,0.441,0.012,2.196,0.933,0.470,0,1,0,1,0,0,,,,,,,,,,,,N,no preseason projection; position default used as prior
400,376,375,Kent Johnson,CBJ,C,1,1,4.26,3.50,4.33,3.50,67.19,286.13,-27.96,0.299,0.441,0.012,2.196,0.933,0.470,0,1,0,1,0,0,,,,,,,,,,,,N,no preseason projection; position default used as prior
401,432,387,Tanner Jeannot,BOS,LW,2,2,4.20,1.38,4.33,0.00,67.09,281.92,-27.97,0.292,0.402,0.011,2.008,1.605,0.508,0,0,0,0,9,1,,,,,,,,,,,,N,no preseason projection; position default used as prior
402,379,380,Lars Eller,FLA,C,2,2,4.26,3.00,4.33,2.25,67.09,285.89,-28.20,0.292,0.429,0.011,2.184,1.022,0.579,0,1,0,3,2,2,,,,,,,,,,,,N,no preseason projection; position default used as prior
403,433,388,Isaac Howard,EDM,LW,2,2,4.20,2.62,4.33,2.50,67.09,281.67,-28.22,0.292,0.429,0.011,2.243,0.938,0.436,0,1,0,4,1,0,,,,,,,,,,,,N,no preseason projection; position default used as prior
404,449,434,Gabriel Vilardi,WPG,"C,RW",1,1,3.98,3.50,4.02,3.50,70.58,280.77,-28.39,0.294,0.491,0.000,1.777,0.236,0.476,0,1,0,1,0,0,,,,,,,,,,,,Y,
405,439,394,Ryan Lomberg,CBJ,LW,1,1,4.19,0.50,4.33,0.00,67.19,281.48,-28.41,0.299,0.414,0.012,2.133,1.115,0.470,0,0,0,0,2,0,,,,,,,,,,,,N,no preseason projection; position default used as prior
406,441,395,Elmer Soderblom,PIT,LW,1,1,4.19,0.50,4.33,0.00,67.19,281.48,-28.41,0.299,0.414,0.012,2.133,1.115,0.470,0,0,0,0,2,0,,,,,,,,,,,,N,no preseason projection; position default used as prior
407,451,436,Maksim Tsyplakov,CGY,RW,1,1,4.18,0.50,4.33,0.50,67.19,280.53,-28.63,0.299,0.414,0.012,2.196,0.933,0.470,0,0,0,1,0,0,,,,,,,,,,,,N,no preseason projection; position default used as prior
408,329,473,Braden Schneider,NYR,D,3,3,2.86,2.33,2.87,1.00,71.69,205.35,-28.87,0.059,0.181,0.008,1.374,2.101,1.661,0,0,0,6,8,4,,,,,,,,,,,,Y,
409,330,475,Alberts Smits,NYR,D,3,3,3.01,0.75,3.30,0.00,68.32,205.34,-28.87,0.089,0.311,0.008,1.359,1.144,1.377,0,0,0,0,5,2,,,,,,,,,,,,N,no preseason projection; position default used as prior
410,448,401,Nicolas Deslauriers,CAR,LW,2,2,4.19,1.25,4.33,0.00,67.09,280.92,-28.97,0.292,0.402,0.011,2.008,1.688,0.436,0,0,0,0,10,0,,,,,,,,,,,,N,no preseason projection; position default used as prior
411,331,478,Ryan Pulock,NYI,D,1,1,2.94,1.25,3.00,0.00,69.92,205.23,-28.98,0.063,0.275,0.018,1.139,0.898,1.999,0,0,0,0,1,2,,,,,,,,,,,,Y,
412,383,389,Brayden Schenn,NYI,C,1,1,4.24,1.25,4.33,0.50,67.19,285.11,-28.98,0.299,0.414,0.012,2.196,1.206,0.470,0,0,0,1,3,0,,,,,,,,,,,,N,no preseason projection; position default used as prior
413,384,390,Samuel Helenius,LAK,C,1,1,4.24,1.25,4.33,0.50,67.19,285.11,-28.98,0.299,0.414,0.012,2.196,1.206,0.470,0,0,0,1,3,0,,,,,,,,,,,,N,no preseason projection; position default used as prior
414,457,446,Alexey Toropchenko,STL,RW,1,1,4.17,0.25,4.33,0.00,67.19,279.95,-29.20,0.299,0.414,0.012,2.133,1.024,0.470,0,0,0,0,1,0,,,,,,,,,,,,N,no preseason projection; position default used as prior
415,458,447,Jonatan Berggren,STL,RW,1,1,4.17,0.25,4.33,0.00,67.19,279.95,-29.20,0.299,0.414,0.012,2.133,1.024,0.470,0,0,0,0,1,0,,,,,,,,,,,,N,no preseason projection; position default used as prior
416,459,450,Connor Bedard,CHI,"C,RW",0,2,5.70,,5.70,,49.08,279.92,-29.23,0.405,0.656,0.000,3.161,0.497,0.414,0,0,0,0,0,0,,,,,,,,,,,,Y,
417,450,407,J.T. Compher,DET,LW,1,1,4.18,0.50,4.33,0.50,67.19,280.53,-29.36,0.299,0.414,0.012,2.196,0.933,0.470,0,0,0,1,0,0,,,,,,,,,,,,N,no preseason projection; position default used as prior
418,392,396,Alexander Kerfoot,NSH,C,1,1,4.24,1.25,4.33,0.50,67.19,284.64,-29.45,0.299,0.414,0.012,2.196,1.024,0.547,0,0,0,1,1,1,,,,,,,,,,,,N,no preseason projection; position default used as prior
419,393,397,Andrew Copp,DET,C,1,1,4.24,1.25,4.33,0.50,67.19,284.64,-29.45,0.299,0.414,0.012,2.196,1.024,0.547,0,0,0,1,1,1,,,,,,,,,,,,N,no preseason projection; position default used as prior
420,394,398,Adam Edstrom,NSH,C,1,1,4.24,1.25,4.33,0.50,67.19,284.64,-29.45,0.299,0.414,0.012,2.196,1.024,0.547,0,0,0,1,1,1,,,,,,,,,,,,N,no preseason projection; position default used as prior
421,397,399,Jack McBain,UTA,C,1,1,4.23,1.00,4.33,0.00,67.19,284.54,-29.55,0.299,0.414,0.012,2.133,1.296,0.470,0,0,0,0,4,0,,,,,,,,,,,,N,no preseason projection; position default used as prior
422,398,400,Curtis Douglas,SEA,C,1,1,4.23,1.00,4.33,0.00,67.19,284.54,-29.55,0.299,0.414,0.012,2.133,1.296,0.470,0,0,0,0,4,0,,,,,,,,,,,,N,no preseason projection; position default used as prior
423,491,359,Carter Hart,VGK,G,2,2,5.46,4.50,5.62,4.50,45.48,248.14,-29.82,,,,,,,,,,,,,2,0.555,0.527,21.385,2.601,0.021,1,40,6,0,0.870,Y,
424,402,402,Christian Dvorak,PHI,C,2,2,4.24,1.88,4.33,0.75,67.09,284.24,-29.85,0.292,0.402,0.011,2.184,1.105,0.651,0,0,0,3,3,3,,,,,,,,,,,,N,no preseason projection; position default used as prior
425,455,415,Jamie Benn,DAL,LW,1,1,4.17,0.25,4.33,0.00,67.19,279.95,-29.93,0.299,0.414,0.012,2.133,1.024,0.470,0,0,0,0,1,0,,,,,,,,,,,,N,no preseason projection; position default used as prior
426,456,416,Alex Iafallo,WPG,LW,1,1,4.17,0.25,4.33,0.00,67.19,279.95,-29.93,0.299,0.414,0.012,2.133,1.024,0.470,0,0,0,0,1,0,,,,,,,,,,,,N,no preseason projection; position default used as prior
427,403,405,Ryan McLeod,BUF,C,1,1,4.23,3.00,4.33,3.00,67.19,284.03,-30.06,0.299,0.441,0.012,2.133,0.933,0.470,0,1,0,0,0,0,,,,,,,,,,,,N,no preseason projection; position default used as prior
428,406,408,Ryan O'Reilly,NSH,C,1,1,3.94,2.50,3.93,2.00,72.08,283.88,-30.21,0.237,0.469,0.024,1.857,0.386,0.783,0,0,0,4,2,0,,,,,,,,,,,,Y,
429,409,409,Zack Ostapchuk,SJS,C,1,1,4.22,1.00,4.33,0.00,67.19,283.60,-30.49,0.299,0.414,0.012,2.133,0.933,0.624,0,0,0,0,0,2,,,,,,,,,,,,N,no preseason projection; position default used as prior
430,410,410,Jean-Gabriel Pageau,NYI,C,1,1,4.22,1.00,4.33,0.50,67.19,283.58,-30.51,0.299,0.414,0.012,2.196,1.115,0.470,0,0,0,1,2,0,,,,,,,,,,,,N,no preseason projection; position default used as prior
431,411,411,Evan Rodrigues,NJD,C,1,1,4.22,1.00,4.33,0.50,67.19,283.58,-30.51,0.299,0.414,0.012,2.196,1.115,0.470,0,0,0,1,2,0,,,,,,,,,,,,N,no preseason projection; position default used as prior
432,412,412,Emmitt Finnie,DET,C,1,1,4.22,1.00,4.33,0.50,67.19,283.58,-30.51,0.299,0.414,0.012,2.196,1.115,0.470,0,0,0,1,2,0,,,,,,,,,,,,N,no preseason projection; position default used as prior
433,413,413,Justin Hryckowian,DAL,C,1,1,4.22,1.00,4.33,0.50,67.19,283.58,-30.51,0.299,0.414,0.012,2.196,1.115,0.470,0,0,0,1,2,0,,,,,,,,,,,,N,no preseason projection; position default used as prior
434,469,458,Jonathan Marchessault,NSH,RW,1,1,4.14,0.00,4.33,0.00,67.19,278.43,-30.73,0.299,0.414,0.012,2.133,0.933,0.470,0,0,0,0,0,0,,,,,,,,,,,,N,no preseason projection; position default used as prior
435,470,459,Frank Vatrano,ANA,RW,1,1,4.14,0.00,4.33,0.00,67.19,278.43,-30.73,0.299,0.414,0.012,2.133,0.933,0.470,0,0,0,0,0,0,,,,,,,,,,,,N,no preseason projection; position default used as prior
436,472,460,Simon Holmstrom,NYI,RW,1,1,4.14,0.00,4.33,0.00,67.19,278.43,-30.73,0.299,0.414,0.012,2.133,0.933,0.470,0,0,0,0,0,0,,,,,,,,,,,,N,no preseason projection; position default used as prior
437,473,461,Matvei Gridin,CGY,RW,1,1,4.14,0.00,4.33,0.00,67.19,278.43,-30.73,0.299,0.414,0.012,2.133,0.933,0.470,0,0,0,0,0,0,,,,,,,,,,,,N,no preseason projection; position default used as prior
438,474,462,Maxim Shabanov,MIN,RW,1,1,4.14,0.00,4.33,0.00,67.19,278.43,-30.73,0.299,0.414,0.012,2.133,0.933,0.470,0,0,0,0,0,0,,,,,,,,,,,,N,no preseason projection; position default used as prior
439,415,417,Vladislav Namestnikov,WPG,C,1,1,4.21,1.00,4.33,0.50,67.19,283.11,-30.98,0.299,0.414,0.012,2.196,0.933,0.547,0,0,0,1,0,1,,,,,,,,,,,,N,no preseason projection; position default used as prior
440,467,433,Taylor Hall,CAR,LW,2,2,4.16,1.25,4.33,0.50,67.09,278.87,-31.01,0.292,0.402,0.011,2.125,1.188,0.508,0,0,0,2,4,1,,,,,,,,,,,,N,no preseason projection; position default used as prior
441,417,420,Zemgus Girgensons,TBL,C,1,1,4.21,0.75,4.33,0.00,67.19,283.01,-31.08,0.299,0.414,0.012,2.133,1.206,0.470,0,0,0,0,3,0,,,,,,,,,,,,N,no preseason projection; position default used as prior
442,418,421,Peyton Krebs,BUF,C,1,1,4.21,0.75,4.33,0.00,67.19,283.01,-31.08,0.299,0.414,0.012,2.133,1.206,0.470,0,0,0,0,3,0,,,,,,,,,,,,N,no preseason projection; position default used as prior
443,419,422,Nikita Nesterenko,ANA,C,1,1,4.21,0.75,4.33,0.00,67.19,283.01,-31.08,0.299,0.414,0.012,2.133,1.206,0.470,0,0,0,0,3,0,,,,,,,,,,,,N,no preseason projection; position default used as prior
444,420,423,Conor Geekie,TBL,C,1,1,4.21,0.75,4.33,0.00,67.19,283.01,-31.08,0.299,0.414,0.012,2.133,1.206,0.470,0,0,0,0,3,0,,,,,,,,,,,,N,no preseason projection; position default used as prior
445,423,426,Colton Dach,EDM,C,2,2,4.22,1.75,4.33,1.00,67.09,282.82,-31.27,0.292,0.402,0.011,2.243,1.188,0.508,0,0,0,4,4,1,,,,,,,,,,,,N,no preseason projection; position default used as prior
446,371,489,Matt Roy,WSH,D,1,1,2.92,3.25,2.83,0.00,69.45,202.87,-31.34,0.056,0.230,0.000,1.091,1.669,2.029,0,0,0,0,3,5,,,,,,,,,,,,Y,
447,471,442,Nils Hoglander,NSH,LW,1,1,4.14,0.00,4.33,0.00,67.19,278.43,-31.46,0.299,0.414,0.012,2.133,0.933,0.470,0,0,0,0,0,0,,,,,,,,,,,,N,no preseason projection; position default used as prior
448,424,428,Morgan Frost,CGY,C,1,1,4.21,1.00,4.33,1.00,67.19,282.63,-31.46,0.299,0.414,0.012,2.258,0.933,0.470,0,0,0,2,0,0,,,,,,,,,,,,N,no preseason projection; position default used as prior
449,427,430,Barclay Goodrow,SJS,C,1,1,4.21,0.75,4.33,0.00,67.19,282.54,-31.55,0.299,0.414,0.012,2.133,1.024,0.547,0,0,0,0,1,1,,,,,,,,,,,,N,no preseason projection; position default used as prior
450,428,431,Jack Drury,NSH,C,1,1,4.21,0.75,4.33,0.00,67.19,282.54,-31.55,0.299,0.414,0.012,2.133,1.024,0.547,0,0,0,0,1,1,,,,,,,,,,,,N,no preseason projection; position default used as prior
451,429,432,Fedor Svechkov,COL,C,1,1,4.21,0.75,4.33,0.00,67.19,282.54,-31.55,0.299,0.414,0.012,2.133,1.024,0.547,0,0,0,0,1,1,,,,,,,,,,,,N,no preseason projection; position default used as prior
452,476,445,Bokondji Imama,FLA,LW,2,2,4.15,1.00,4.33,0.00,67.09,278.12,-31.77,0.292,0.402,0.011,2.008,1.522,0.436,0,0,0,0,8,0,,,,,,,,,,,,N,no preseason projection; position default used as prior
453,479,451,Jordan Martinook,CAR,LW,2,2,4.14,1.12,4.33,0.50,67.09,277.88,-32.01,0.292,0.402,0.011,2.125,1.272,0.436,0,0,0,2,5,0,,,,,,,,,,,,N,no preseason projection; position default used as prior
454,434,438,Mikael Backlund,CGY,C,1,1,4.20,0.75,4.33,0.50,67.19,282.05,-32.04,0.299,0.414,0.012,2.196,1.024,0.470,0,0,0,1,1,0,,,,,,,,,,,,N,no preseason projection; position default used as prior
455,435,439,Jiri Kulich,BUF,C,1,1,4.20,0.75,4.33,0.50,67.19,282.05,-32.04,0.299,0.414,0.012,2.196,1.024,0.470,0,0,0,1,1,0,,,,,,,,,,,,N,no preseason projection; position default used as prior
456,436,440,Nate Danielson,DET,C,1,1,4.20,0.75,4.33,0.50,67.19,282.05,-32.04,0.299,0.414,0.012,2.196,1.024,0.470,0,0,0,1,1,0,,,,,,,,,,,,N,no preseason projection; position default used as prior
457,437,441,Elias Pettersson,VAN,C,2,2,4.20,2.12,4.27,0.50,67.18,282.01,-32.08,0.209,0.455,0.008,1.670,1.071,1.539,0,0,0,2,3,5,,,,,,,,,,,,Y,
458,380,494,Jake McCabe,TOR,D,2,2,2.93,2.00,2.99,0.50,68.87,202.04,-32.17,0.051,0.241,0.004,0.957,1.375,2.306,0,0,0,2,2,5,,,,,,,,,,,,Y,
459,442,443,Matty Beniers,SEA,C,1,1,3.87,9.50,3.68,8.00,72.93,281.89,-32.20,0.268,0.371,0.000,1.844,0.569,0.962,1,1,0,1,2,2,,,,,,,,,,,,Y,
460,485,474,Brendan Gallagher,VAN,RW,2,2,4.13,1.00,4.33,0.25,67.09,276.90,-32.26,0.292,0.402,0.011,2.067,1.188,0.508,0,0,0,1,4,1,,,,,,,,,,,,N,no preseason projection; position default used as prior
461,444,444,Noel Acciari,PHI,C,2,2,4.20,1.50,4.33,0.25,67.09,281.69,-32.40,0.292,0.402,0.011,2.067,1.188,0.651,0,0,0,1,4,3,,,,,,,,,,,,N,no preseason projection; position default used as prior
462,486,479,Garnet Hathaway,FLA,RW,2,2,4.12,0.88,4.33,0.00,67.09,276.72,-32.43,0.292,0.402,0.011,2.008,1.438,0.436,0,0,0,0,7,0,,,,,,,,,,,,N,no preseason projection; position default used as prior
463,382,496,Vladislav Gavrikov,NYR,D,3,3,2.80,1.92,2.80,0.17,72.03,201.72,-32.50,0.089,0.244,0.011,1.205,0.700,1.738,0,0,0,1,3,9,,,,,,,,,,,,Y,
464,446,448,Casey Cizikas,NYI,C,1,1,4.19,0.50,4.33,0.00,67.19,281.48,-32.61,0.299,0.414,0.012,2.133,1.115,0.470,0,0,0,0,2,0,,,,,,,,,,,,N,no preseason projection; position default used as prior
465,447,449,Yakov Trenin,MIN,C,1,1,4.19,0.50,4.33,0.00,67.19,281.48,-32.61,0.299,0.414,0.012,2.133,1.115,0.470,0,0,0,0,2,0,,,,,,,,,,,,N,no preseason projection; position default used as prior
466,488,482,Cole Smith,CHI,RW,2,2,4.12,1.00,4.33,0.50,67.09,276.48,-32.68,0.292,0.402,0.011,2.125,1.188,0.436,0,0,0,2,4,0,,,,,,,,,,,,N,no preseason projection; position default used as prior
467,483,453,Tye Kartye,NYR,LW,3,3,4.14,2.08,4.33,1.17,66.91,277.18,-32.71,0.285,0.418,0.011,1.952,1.482,0.474,0,1,0,1,9,1,,,,,,,,,,,,N,no preseason projection; position default used as prior
468,484,454,Nick Lardis,CHI,LW,2,2,4.13,1.12,4.33,0.50,67.09,277.08,-32.81,0.292,0.402,0.011,2.125,0.938,0.579,0,0,0,2,1,2,,,,,,,,,,,,N,no preseason projection; position default used as prior
469,386,498,Mattias Ekholm,EDM,D,2,2,2.92,0.75,3.12,0.50,69.04,201.36,-32.85,0.080,0.330,0.000,1.451,0.791,1.291,0,0,0,2,2,0,,,,,,,,,,,,Y,
470,487,457,Eric Robinson,CAR,LW,2,2,4.12,0.88,4.33,0.00,67.09,276.72,-33.16,0.292,0.402,0.011,2.008,1.438,0.436,0,0,0,0,7,0,,,,,,,,,,,,N,no preseason projection; position default used as prior
471,453,452,Linus Karlsson,VAN,C,2,2,4.18,2.50,4.33,2.25,67.09,280.70,-33.39,0.292,0.429,0.011,2.184,0.855,0.508,0,1,0,3,0,1,,,,,,,,,,,,N,no preseason projection; position default used as prior
472,454,455,Berkly Catton,SEA,C,1,1,4.18,0.50,4.33,0.50,67.19,280.53,-33.56,0.299,0.414,0.012,2.196,0.933,0.470,0,0,0,1,0,0,,,,,,,,,,,,N,no preseason projection; position default used as prior
473,490,470,Alex Bump,PHI,LW,2,2,4.11,0.88,4.33,0.25,67.09,275.90,-33.99,0.292,0.402,0.011,2.067,1.272,0.436,0,0,0,1,5,0,,,,,,,,,,,,N,no preseason projection; position default used as prior
474,515,424,Arturs Silovs,PIT,G,1,1,6.04,11.70,5.90,11.70,40.39,243.89,-34.07,,,,,,,,,,,,,1,0.487,0.502,23.561,2.738,0.068,1,19,0,1,1.000,Y,
475,461,463,Sam Carrick,BUF,C,1,1,4.17,0.25,4.33,0.00,67.19,279.95,-34.14,0.299,0.414,0.012,2.133,1.024,0.470,0,0,0,0,1,0,,,,,,,,,,,,N,no preseason projection; position default used as prior
476,462,464,Phillip Danault,MTL,C,1,1,4.17,0.25,4.33,0.00,67.19,279.95,-34.14,0.299,0.414,0.012,2.133,1.024,0.470,0,0,0,0,1,0,,,,,,,,,,,,N,no preseason projection; position default used as prior
477,463,465,Michael Rasmussen,DET,C,1,1,4.17,0.25,4.33,0.00,67.19,279.95,-34.14,0.299,0.414,0.012,2.133,1.024,0.470,0,0,0,0,1,0,,,,,,,,,,,,N,no preseason projection; position default used as prior
478,464,466,Gage Goncalves,TBL,C,1,1,4.17,0.25,4.33,0.00,67.19,279.95,-34.14,0.299,0.414,0.012,2.133,1.024,0.470,0,0,0,0,1,0,,,,,,,,,,,,N,no preseason projection; position default used as prior
479,465,467,Brad Lambert,WPG,C,1,1,4.17,0.25,4.33,0.00,67.19,279.95,-34.14,0.299,0.414,0.012,2.133,1.024,0.470,0,0,0,0,1,0,,,,,,,,,,,,N,no preseason projection; position default used as prior
480,466,468,Nic Dowd,VGK,C,2,2,4.17,2.25,4.33,1.75,67.09,279.94,-34.15,0.292,0.429,0.011,2.067,1.188,0.436,0,1,0,1,4,0,,,,,,,,,,,,N,no preseason projection; position default used as prior
481,495,472,Noah Cates,PHI,LW,2,2,4.10,1.00,4.33,0.75,67.09,275.26,-34.63,0.292,0.402,0.011,2.184,0.855,0.508,0,0,0,3,0,1,,,,,,,,,,,,N,no preseason projection; position default used as prior
482,501,484,Artturi Lehkonen,COL,"LW,RW",1,1,4.07,12.00,3.79,10.50,67.47,274.41,-34.74,0.338,0.323,0.004,2.164,0.715,0.619,2,0,0,3,2,2,,,,,,,,,,,,Y,
483,468,471,Sean Couturier,PHI,C,2,2,4.16,2.25,4.33,2.00,67.09,279.12,-34.97,0.292,0.429,0.011,2.125,1.022,0.436,0,1,0,2,2,0,,,,,,,,,,,,N,no preseason projection; position default used as prior
484,503,493,Ivan Demidov,MTL,RW,1,1,3.76,1.00,3.82,0.50,72.93,273.91,-35.24,0.225,0.550,0.000,1.645,0.501,0.290,0,0,0,1,2,0,,,,,,,,,,,,Y,
485,426,509,Josh Manson,COL,D,1,1,3.06,4.25,3.06,3.50,64.93,198.95,-35.26,0.069,0.307,0.005,1.373,2.089,1.228,0,1,0,1,1,1,,,,,,,,,,,,Y,
486,500,483,Mark Jankowski,CAR,LW,2,2,4.09,0.75,4.33,0.00,67.09,274.53,-35.36,0.292,0.402,0.011,2.008,1.022,0.579,0,0,0,0,2,2,,,,,,,,,,,,N,no preseason projection; position default used as prior
487,477,476,Justin Sourdif,WSH,C,1,1,4.14,0.00,4.33,0.00,67.19,278.43,-35.66,0.299,0.414,0.012,2.133,0.933,0.470,0,0,0,0,0,0,,,,,,,,,,,,N,no preseason projection; position default used as prior
488,478,477,Amadeus Lombardi,NJD,C,1,1,4.14,0.00,4.33,0.00,67.19,278.43,-35.66,0.299,0.414,0.012,2.133,0.933,0.470,0,0,0,0,0,0,,,,,,,,,,,,N,no preseason projection; position default used as prior
489,480,480,Joseph Veleno,NYR,C,3,3,4.16,1.58,4.33,0.17,66.91,278.24,-35.85,0.285,0.392,0.011,1.952,1.328,0.741,0,0,0,1,7,5,,,,,,,,,,,,N,no preseason projection; position default used as prior
490,481,481,Casey Mittelstadt,BOS,C,2,2,4.15,1.38,4.33,1.25,67.09,278.20,-35.89,0.292,0.402,0.011,2.302,0.938,0.436,0,0,0,5,1,0,,,,,,,,,,,,N,no preseason projection; position default used as prior
491,445,511,Alexandre Carrier,MTL,D,1,1,2.81,9.75,2.61,9.00,70.39,197.99,-36.23,0.078,0.254,0.004,1.000,0.683,2.041,1,1,0,3,1,1,,,,,,,,,,,,Y,
492,505,486,Luke Evangelista,NJD,"LW,RW",1,1,3.91,5.75,3.79,5.00,69.73,272.80,-36.36,0.216,0.522,0.000,2.267,0.369,0.296,0,1,0,4,1,1,,,,,,,,,,,,Y,
493,510,500,Oliver Bjorkstrand,NYR,RW,3,3,4.07,1.92,4.33,1.83,66.91,272.09,-37.07,0.285,0.418,0.011,2.174,0.866,0.407,0,1,0,5,1,0,,,,,,,,,,,,N,no preseason projection; position default used as prior
494,452,513,Brent Burns,COL,D,1,1,2.70,3.75,2.69,3.00,72.93,197.13,-37.09,0.100,0.260,0.000,1.679,0.278,1.130,0,1,0,0,1,1,,,,,,,,,,,,Y,
495,514,501,Patrick Kane,CHI,RW,2,2,4.04,3.88,4.01,3.25,67.36,271.83,-37.33,0.268,0.490,0.000,2.103,0.496,0.366,1,0,0,4,3,1,,,,,,,,,,,,Y,
496,489,485,Ryan Greene,CHI,C,2,2,4.12,2.00,4.33,1.75,67.09,276.75,-37.34,0.292,0.429,0.011,2.067,0.855,0.508,0,1,0,1,0,1,,,,,,,,,,,,N,no preseason projection; position default used as prior
497,516,495,Brock Boeser,VAN,"LW,RW",2,2,3.90,6.25,3.80,6.00,69.66,271.51,-37.64,0.300,0.378,0.008,2.043,0.853,0.329,1,2,0,3,2,0,,,,,,,,,,,,Y,
498,517,502,Steven Stamkos,NSH,"C,RW",1,1,3.72,3.75,3.75,3.50,72.93,271.50,-37.66,0.321,0.277,0.000,1.957,0.989,0.445,0,1,0,1,1,0,,,,,,,,,,,,Y,
499,460,514,Philip Broberg,STL,D,1,1,2.82,4.00,2.80,3.50,69.73,196.38,-37.84,0.077,0.359,0.000,1.283,0.449,1.281,0,1,0,1,0,1,,,,,,,,,,,,Y,
500,492,487,Oliver Moore,CHI,C,2,2,4.12,1.12,4.33,1.00,67.09,276.23,-37.86,0.292,0.402,0.011,2.243,0.938,0.436,0,0,0,4,1,0,,,,,,,,,,,,N,no preseason projection; position default used as prior
501,519,504,Jordan Kyrou,WSH,RW,1,1,3.83,1.00,3.94,1.00,70.77,271.28,-37.88,0.280,0.341,0.000,2.561,0.320,0.377,0,0,0,2,0,0,,,,,,,,,,,,Y,
502,493,488,Marat Khusnutdinov,BOS,C,2,2,4.12,1.88,4.33,1.50,67.09,276.17,-37.92,0.292,0.429,0.011,2.008,0.938,0.508,0,1,0,0,1,1,,,,,,,,,,,,N,no preseason projection; position default used as prior
503,521,497,Matvei Michkov,PHI,"LW,RW",2,2,3.77,1.00,3.94,0.50,71.88,271.05,-38.10,0.270,0.399,0.000,2.193,0.327,0.360,0,0,0,2,0,2,,,,,,,,,,,,Y,
504,494,491,Shane Pinto,OTT,C,0,0,4.05,,4.05,,68.20,275.88,-38.22,0.293,0.295,0.062,2.097,1.216,0.732,0,0,0,0,0,0,,,,,,,,,,,,Y,
505,497,492,Teddy Blueger,TOR,C,2,2,4.11,0.88,4.33,0.25,67.09,275.50,-38.59,0.292,0.402,0.011,2.067,1.105,0.508,0,0,0,1,3,1,,,,,,,,,,,,N,no preseason projection; position default used as prior
506,475,521,Brayden McNabb,VGK,D,2,2,2.85,5.75,2.75,4.75,68.60,195.21,-39.00,0.061,0.201,0.010,1.046,1.571,2.070,0,3,0,1,2,3,,,,,,,,,,,,Y,
507,504,499,Frank Nazar,CHI,C,2,2,4.09,0.88,4.33,0.75,67.09,274.26,-39.83,0.292,0.402,0.011,2.184,0.938,0.436,0,0,0,3,1,0,,,,,,,,,,,,N,no preseason projection; position default used as prior
508,482,525,Oliver Ekman-Larsson,TOR,D,2,2,2.75,1.75,2.78,0.75,70.73,194.25,-39.96,0.071,0.317,0.000,1.316,1.172,1.051,0,0,0,3,2,3,,,,,,,,,,,,Y,
509,527,505,Jake DeBrusk,VAN,LW,2,2,3.72,2.62,3.83,2.50,72.33,269.31,-40.58,0.296,0.252,0.000,2.429,0.867,0.410,0,1,0,4,1,0,,,,,,,,,,,,Y,
510,531,510,Alexis Lafrenière,NYR,"LW,RW",3,3,3.72,1.08,3.98,0.67,72.03,268.22,-40.93,0.256,0.376,0.000,1.883,1.288,0.359,0,0,0,4,5,0,,,,,,,,,,,,Y,
511,546,490,Ukko-Pekka Luukkonen,BUF,G,1,1,6.12,0.10,6.61,0.10,38.72,236.85,-41.11,,,,,,,,,,,,,1,0.467,0.542,24.872,3.084,0.038,0,17,5,0,0.773,Y,
512,506,503,William Karlsson,VGK,C,2,2,4.07,0.75,4.33,0.75,67.09,272.86,-41.23,0.292,0.402,0.011,2.184,0.855,0.436,0,0,0,3,0,0,,,,,,,,,,,,N,no preseason projection; position default used as prior
513,508,506,Noah Laba,NYR,C,3,3,4.07,1.83,4.33,1.33,66.91,272.60,-41.49,0.285,0.418,0.011,2.007,1.097,0.474,0,1,0,2,4,1,,,,,,,,,,,,N,no preseason projection; position default used as prior
514,511,507,Boone Jenner,WSH,C,1,1,4.10,2.50,4.13,1.50,66.44,272.49,-41.60,0.222,0.354,0.019,2.033,1.910,1.016,0,0,0,3,0,2,,,,,,,,,,,,Y,
515,513,508,Ryan Donato,CHI,C,2,2,4.06,0.62,4.33,0.50,67.09,272.28,-41.81,0.292,0.402,0.011,2.125,0.938,0.436,0,0,0,2,1,0,,,,,,,,,,,,N,no preseason projection; position default used as prior
516,538,517,Matt Coronato,CGY,RW,1,1,3.74,0.50,3.87,0.50,71.43,267.34,-41.82,0.286,0.331,0.000,2.445,0.317,0.326,0,0,0,1,0,0,,,,,,,,,,,,Y,
517,496,528,Dmitry Orlov,SJS,D,1,1,2.68,2.25,2.65,0.50,71.61,192.01,-42.20,0.058,0.327,0.000,1.120,1.403,1.052,0,0,0,1,1,3,,,,,,,,,,,,Y,
518,536,512,Ivan Barbashev,VGK,LW,2,2,3.81,4.25,3.78,3.50,70.11,267.42,-42.47,0.228,0.461,0.000,1.495,1.843,0.392,0,2,0,2,6,0,,,,,,,,,,,,Y,
519,498,532,Aaron Ekblad,FLA,D,2,2,2.94,1.75,3.13,1.50,65.14,191.59,-42.62,0.069,0.353,0.019,1.291,1.247,1.154,0,1,0,0,2,0,,,,,,,,,,,,Y,
520,499,533,Jeremy Lauzon,VGK,D,2,2,2.87,2.75,2.86,1.50,66.82,191.59,-42.63,0.048,0.143,0.000,1.271,3.535,1.403,0,0,0,6,4,3,,,,,,,,,,,,Y,
521,539,524,Jack Quinn,BUF,RW,1,1,3.73,6.75,3.63,6.50,71.24,266.01,-43.14,0.273,0.358,0.000,2.268,0.635,0.283,1,0,0,4,1,0,,,,,,,,,,,,Y,
522,541,516,Evgeni Malkin,PIT,"C,LW,RW",1,1,4.14,5.50,4.13,5.50,64.27,265.90,-43.25,0.271,0.538,0.000,1.977,0.404,0.426,1,0,0,2,0,0,,,,,,,,,,,,Y,
523,502,539,Simon Edvinsson,DET,D,0,1,3.11,,3.11,,61.26,190.73,-43.49,0.083,0.266,0.014,1.237,1.230,1.978,0,0,0,0,0,0,,,,,,,,,,,,Y,
524,540,515,Andrew Mangiapane,CHI,LW,1,2,4.20,0.75,4.33,0.50,63.36,265.99,-43.90,0.299,0.414,0.012,2.196,1.024,0.470,0,0,0,1,1,0,,,,,,,,,,,,N,no preseason projection; position default used as prior
525,543,519,Anders Lee,UTA,LW,1,1,3.64,7.25,3.51,6.50,72.93,265.40,-44.49,0.271,0.239,0.000,2.300,1.217,0.501,1,0,0,4,1,1,,,,,,,,,,,,Y,
526,545,527,Eeli Tolvanen,NYR,RW,3,3,3.72,4.58,3.72,3.67,71.11,264.62,-44.54,0.245,0.231,0.000,1.694,2.528,0.896,2,0,0,4,7,2,,,,,,,,,,,,Y,
527,544,520,Pavel Zacha,BOS,"C,LW",2,2,3.70,2.38,3.67,1.50,71.71,265.01,-44.87,0.245,0.409,0.013,1.813,0.751,0.495,0,0,0,6,1,3,,,,,,,,,,,,Y,
528,507,542,Ben Chiarot,DET,D,1,1,2.60,2.25,2.59,0.50,72.74,189.20,-45.01,0.060,0.104,0.000,1.149,1.998,1.891,0,0,0,1,3,2,,,,,,,,,,,,Y,
529,528,518,Bo Groulx,TOR,C,1,2,4.24,1.25,4.33,0.50,63.36,268.87,-45.22,0.299,0.414,0.012,2.196,1.206,0.470,0,0,0,1,3,0,,,,,,,,,,,,N,no preseason projection; position default used as prior
530,509,543,Hampus Lindholm,BOS,D,2,2,2.85,5.00,2.76,4.25,66.38,188.93,-45.28,0.104,0.298,0.000,1.412,0.161,1.477,1,1,0,2,0,3,,,,,,,,,,,,Y,
531,512,545,Mikey Anderson,LAK,D,1,1,2.64,7.25,2.50,6.00,71.43,188.74,-45.47,0.052,0.234,0.024,0.945,1.402,1.673,0,1,1,2,1,2,,,,,,,,,,,,Y,
532,548,529,Jackson Blake,CAR,RW,2,2,3.66,3.25,3.64,2.75,71.88,263.42,-45.73,0.268,0.364,0.000,2.166,0.156,0.490,0,1,0,5,0,2,,,,,,,,,,,,Y,
533,534,522,Elias Lindholm,BOS,C,2,2,3.84,5.50,3.74,5.00,69.84,268.15,-45.94,0.232,0.409,0.014,1.776,0.921,0.841,1,1,0,5,2,1,,,,,,,,,,,,Y,
534,549,526,Bobby McMann,SEA,"LW,RW",1,1,3.74,1.75,3.80,1.50,70.39,263.17,-45.98,0.303,0.197,0.000,2.300,1.927,0.309,0,0,0,3,1,0,,,,,,,,,,,,Y,
535,518,547,Tony DeAngelo,NYI,D,1,1,3.06,0.50,3.17,0.00,61.45,188.16,-46.05,0.096,0.379,0.000,1.811,0.403,0.977,0,0,0,0,0,1,,,,,,,,,,,,Y,
536,550,535,Mathew Barzal,NYI,"C,RW",0,1,4.65,,4.65,,56.56,263.05,-46.11,0.265,0.622,0.000,2.324,0.431,0.647,0,0,0,0,0,0,,,,,,,,,,,,Y,
537,537,523,Anton Frondell,CHI,C,2,2,3.93,1.50,4.07,1.00,68.16,267.83,-46.26,0.273,0.346,0.000,2.427,0.683,0.560,0,0,0,4,2,1,,,,,,,,,,,,Y,
538,520,548,Jordan Spence,OTT,D,0,0,2.66,,2.66,,70.60,187.93,-46.29,0.079,0.326,0.000,1.361,0.848,0.870,0,0,0,0,0,0,,,,,,,,,,,,Y,
539,522,549,Connor Murphy,EDM,D,2,2,2.71,3.38,2.53,0.75,69.22,187.69,-46.52,0.051,0.162,0.012,0.997,1.178,2.362,0,0,0,3,1,10,,,,,,,,,,,,Y,
540,551,538,Zack MacEwen,TOR,RW,1,2,4.14,0.00,4.33,0.00,63.36,262.57,-46.59,0.299,0.414,0.012,2.133,0.933,0.470,0,0,0,0,0,0,,,,,,,,,,,,N,no preseason projection; position default used as prior
541,523,550,Brady Skjei,NSH,D,1,1,2.57,1.00,2.62,0.00,72.93,187.30,-46.91,0.075,0.256,0.016,1.363,0.889,1.058,0,0,0,0,2,1,,,,,,,,,,,,Y,
542,524,551,Jared Spurgeon,MIN,D,1,1,2.72,5.25,2.62,3.50,68.79,187.26,-46.95,0.064,0.241,0.000,1.090,0.968,1.852,0,1,0,1,1,3,,,,,,,,,,,,Y,
543,525,552,Radko Gudas,FLA,D,2,2,2.79,1.88,2.86,0.25,67.00,187.12,-47.09,0.045,0.154,0.000,0.894,3.131,1.796,0,0,0,1,7,3,,,,,,,,,,,,Y,
544,526,553,Rasmus Ristolainen,PHI,D,2,2,3.07,4.88,2.91,3.25,60.79,186.86,-47.35,0.092,0.249,0.024,1.464,1.322,1.608,1,0,0,4,3,5,,,,,,,,,,,,Y,
545,554,530,Mason Marchment,SJS,LW,1,1,3.99,7.25,3.85,6.50,65.59,261.46,-48.42,0.292,0.386,0.000,1.963,1.407,0.358,1,0,0,4,3,0,,,,,,,,,,,,Y,
546,556,534,Connor McMichael,STL,"C,LW",1,1,3.62,3.50,3.66,3.50,72.08,261.18,-48.71,0.230,0.412,0.012,1.921,0.491,0.487,0,1,0,1,0,0,,,,,,,,,,,,Y,
547,529,555,Brock Faber,MIN,D,0,1,3.79,,3.79,,48.84,185.17,-49.04,0.137,0.387,0.021,2.006,0.430,1.723,0,0,0,0,0,0,,,,,,,,,,,,Y,
548,530,556,Cam York,PHI,D,2,2,2.74,1.75,2.78,0.50,67.62,185.04,-49.17,0.062,0.255,0.000,1.137,0.594,1.951,0,0,0,2,2,4,,,,,,,,,,,,Y,
549,558,546,Jaroslav Chmelar,NYR,RW,2,3,4.10,0.88,4.33,0.50,63.39,259.91,-49.25,0.292,0.402,0.011,2.125,1.105,0.436,0,0,0,2,3,0,,,,,,,,,,,,N,no preseason projection; position default used as prior
550,532,559,Charle-Edouard D'Astous,TBL,D,1,1,2.73,1.50,2.75,0.00,67.76,184.85,-49.37,0.069,0.320,0.000,1.072,1.429,1.130,0,0,0,0,2,2,,,,,,,,,,,,Y,
551,533,560,Artyom Levshunov,CHI,D,2,2,2.76,1.00,2.91,0.50,66.82,184.71,-49.51,0.064,0.331,0.000,1.286,1.326,1.017,0,0,0,2,2,1,,,,,,,,,,,,Y,
552,547,536,Teuvo Teravainen,CHI,C,1,2,4.18,0.50,4.33,0.50,63.36,264.55,-49.54,0.299,0.414,0.012,2.196,0.933,0.470,0,0,0,1,0,0,,,,,,,,,,,,N,no preseason projection; position default used as prior
553,535,561,Nick Seeler,PHI,D,2,2,2.59,2.12,2.60,0.25,71.08,184.35,-49.87,0.054,0.111,0.000,1.003,1.576,2.241,0,0,0,1,3,6,,,,,,,,,,,,Y,
554,552,541,Josh Samanski,EDM,C,1,2,4.14,0.00,4.33,0.00,63.36,262.57,-51.52,0.299,0.414,0.012,2.133,0.933,0.470,0,0,0,0,0,0,,,,,,,,,,,,N,no preseason projection; position default used as prior
555,542,564,Jamie Drysdale,PHI,D,2,2,2.64,2.12,2.58,0.25,69.22,182.65,-51.56,0.081,0.284,0.000,1.109,0.269,1.603,0,0,0,1,1,7,,,,,,,,,,,,Y,
556,573,531,Scott Wedgewood,COL,G,0,1,6.73,,6.73,,33.53,225.66,-52.31,,,,,,,,,,,,,0,0.404,0.657,23.481,2.486,0.066,0,0,0,0,,Y,
557,563,558,Logan Stankoven,CAR,"C,RW",2,2,3.59,3.62,3.59,3.25,71.53,256.56,-52.59,0.278,0.290,0.000,2.273,0.764,0.277,1,0,0,4,3,0,,,,,,,,,,,,Y,
558,564,554,Zach Hyman,EDM,"LW,RW",1,2,4.13,2.00,4.17,1.50,62.03,256.41,-52.75,0.367,0.271,0.000,2.546,1.002,0.294,0,0,0,3,2,0,,,,,,,,,,,,Y,
559,575,537,Connor Hellebuyck,WPG,G,0,1,6.31,,6.31,,35.66,225.10,-52.86,,,,,,,,,,,,,0,0.430,0.486,24.831,2.727,0.044,0,0,0,0,,Y,
560,578,540,Darcy Kuemper,LAK,G,1,1,5.54,-1.70,6.03,-1.70,40.39,223.81,-54.15,,,,,,,,,,,,,1,0.487,0.423,23.901,3.066,0.056,0,21,8,0,0.724,Y,
561,580,544,Sergei Murashov,PIT,G,0,1,6.33,,6.33,,35.20,222.97,-54.99,,,,,,,,,,,,,0,0.424,0.479,24.237,2.816,0.147,0,0,0,0,,Y,
562,553,568,Dylan Samberg,WPG,D,1,1,2.77,2.00,2.78,0.50,64.65,178.78,-55.43,0.070,0.203,0.000,1.381,0.770,1.918,0,0,0,1,0,3,,,,,,,,,,,,Y,
563,561,557,Matt Rempe,NYR,C,1,3,4.31,2.00,4.33,0.50,59.87,258.13,-55.96,0.299,0.414,0.012,2.196,1.478,0.470,0,0,0,1,6,0,,,,,,,,,,,,N,no preseason projection; position default used as prior
564,574,563,Trevor Zegras,PHI,"C,LW,RW",2,2,3.77,0.50,4.02,0.50,67.18,253.18,-55.97,0.263,0.447,0.000,1.889,0.544,0.326,0,0,0,2,0,0,,,,,,,,,,,,Y,
565,555,570,Simon Nemec,CGY,D,1,1,2.66,2.50,2.63,2.00,66.91,178.09,-56.13,0.102,0.209,0.000,1.621,0.265,1.396,0,0,0,4,0,1,,,,,,,,,,,,Y,
566,557,571,Andrew Peeke,UTA,D,1,1,2.52,4.50,2.46,3.00,70.58,177.56,-56.65,0.056,0.173,0.008,0.994,1.427,1.742,0,1,0,0,2,2,,,,,,,,,,,,Y,
567,559,573,Alex Vlasic,CHI,D,2,2,2.44,0.75,2.60,0.25,72.33,176.65,-57.57,0.055,0.255,0.012,1.076,0.405,1.537,0,0,0,1,0,2,,,,,,,,,,,,Y,
568,560,575,Joel Edmundson,LAK,D,1,1,2.46,0.75,2.55,0.50,71.05,174.98,-59.23,0.059,0.215,0.008,1.174,1.221,1.287,0,0,0,1,1,0,,,,,,,,,,,,Y,
569,588,562,Tristan Jarry,EDM,G,1,2,5.58,-0.90,6.08,-0.90,39.11,218.04,-59.93,,,,,,,,,,,,,1,0.477,0.498,23.530,3.131,0.051,0,17,6,0,0.739,Y,
570,586,567,Lawson Crouse,UTA,"LW,RW",1,1,3.43,4.50,3.40,3.50,72.55,249.08,-60.08,0.223,0.209,0.016,1.633,2.668,0.569,0,1,0,1,4,0,,,,,,,,,,,,Y,
571,562,577,Adam Pelech,NYI,D,1,1,2.56,0.75,2.64,0.00,68.13,174.09,-60.13,0.067,0.187,0.017,1.394,0.929,1.457,0,0,0,0,1,1,,,,,,,,,,,,Y,
572,583,566,Viktor Arvidsson,DET,LW,1,1,3.73,1.50,3.78,0.50,66.91,249.53,-60.36,0.290,0.308,0.000,2.242,0.356,0.579,0,0,0,1,0,2,,,,,,,,,,,,Y,
573,565,580,Tyler Kleven,OTT,D,0,0,2.46,,2.46,,69.90,172.22,-61.99,0.063,0.165,0.017,1.196,1.621,1.299,0,0,0,0,0,0,,,,,,,,,,,,Y,
574,566,581,Alexander Nikishin,CAR,D,0,2,3.08,,3.08,,55.82,172.10,-62.11,0.105,0.277,0.013,1.536,1.630,1.161,0,0,0,0,0,0,,,,,,,,,,,,Y,
575,594,565,Anton Forsberg,LAK,G,0,1,6.12,,6.12,,35.20,215.56,-62.40,,,,,,,,,,,,,0,0.424,0.445,24.289,2.711,0.071,0,0,0,0,,Y,
576,579,569,Tyler Toffoli,SJS,C,1,1,3.52,0.50,3.65,0.50,71.43,251.65,-62.44,0.265,0.311,0.000,2.138,0.579,0.368,0,0,0,1,0,0,,,,,,,,,,,,Y,
577,567,583,Artem Zub,OTT,D,0,0,2.67,,2.67,,64.10,171.43,-62.79,0.059,0.270,0.009,1.070,0.875,1.651,0,0,0,0,0,0,,,,,,,,,,,,Y,
578,568,584,J.J. Moser,TBL,D,1,1,2.58,1.25,2.62,0.00,66.25,171.14,-63.08,0.074,0.261,0.024,1.209,0.757,1.253,0,0,0,0,1,2,,,,,,,,,,,,Y,
579,569,585,Jacob Middleton,CGY,D,1,1,2.51,1.75,2.53,1.00,68.13,170.97,-63.24,0.056,0.178,0.000,1.061,1.422,1.676,0,0,0,2,3,0,,,,,,,,,,,,Y,
580,570,586,Marcus Pettersson,NYR,D,3,3,2.40,1.92,2.39,0.50,71.27,170.94,-63.27,0.042,0.205,0.004,0.842,0.834,1.911,0,0,0,3,1,8,,,,,,,,,,,,Y,
581,581,572,Mikael Granlund,ANA,C,1,1,3.69,3.00,3.76,3.00,67.94,250.59,-63.50,0.245,0.417,0.006,1.710,0.555,0.658,0,1,0,0,0,0,,,,,,,,,,,,Y,
582,571,587,Olen Zellweger,BUF,D,0,1,2.70,,2.70,,63.33,170.71,-63.51,0.104,0.211,0.000,1.814,0.484,1.132,0,0,0,0,0,0,,,,,,,,,,,,Y,
583,572,588,Zayne Parekh,CGY,D,1,1,2.49,1.25,2.52,0.50,68.32,170.33,-63.89,0.101,0.233,0.000,1.676,0.427,0.787,0,0,0,1,1,1,,,,,,,,,,,,Y,
584,590,574,Anthony Mantha,NJD,"LW,RW",1,1,3.38,0.50,3.49,0.50,72.55,244.99,-64.17,0.262,0.321,0.005,1.665,0.626,0.465,0,0,0,1,0,0,,,,,,,,,,,,Y,
585,592,579,Mathieu Olivier,CBJ,RW,1,1,3.57,6.75,3.50,6.00,68.41,244.39,-64.77,0.225,0.172,0.010,1.549,3.503,0.747,1,0,0,3,3,0,,,,,,,,,,,,Y,
586,576,590,Mason Lohrei,BOS,D,2,2,2.43,3.00,2.50,3.00,69.66,169.31,-64.90,0.065,0.341,0.000,0.955,0.316,1.111,0,2,0,0,0,0,,,,,,,,,,,,Y,
587,577,593,Sean Durzi,NYR,D,3,3,2.92,2.75,2.99,2.00,57.69,168.61,-65.61,0.099,0.311,0.000,1.316,0.563,1.485,1,0,0,3,1,4,,,,,,,,,,,,Y,
588,593,576,Fabian Zetterlund,OTT,LW,0,0,3.33,,3.33,,73.30,243.88,-66.01,0.222,0.220,0.000,1.805,1.870,0.595,0,0,0,0,0,0,,,,,,,,,,,,Y,
589,595,578,Valeri Nichushkin,CBJ,"LW,RW",1,1,3.90,3.25,3.96,3.00,62.30,242.72,-66.44,0.269,0.395,0.011,2.137,0.899,0.372,0,1,0,0,1,0,,,,,,,,,,,,Y,
590,582,597,Damon Severson,CBJ,D,0,1,2.65,,2.65,,63.05,166.82,-67.39,0.078,0.296,0.000,1.228,0.572,1.306,0,0,0,0,0,0,,,,,,,,,,,,Y,
591,584,599,Connor Clifton,BOS,D,2,2,2.59,2.12,2.63,1.00,64.07,166.12,-68.09,0.039,0.125,0.018,0.896,3.143,1.549,0,0,0,4,5,2,,,,,,,,,,,,Y,
592,585,600,Louis Crevier,BUF,D,1,1,2.71,1.50,2.76,0.50,61.17,166.02,-68.19,0.080,0.193,0.021,1.359,1.545,1.330,0,0,0,1,0,2,,,,,,,,,,,,Y,
593,598,582,Kevin Fiala,LAK,LW,0,1,4.35,,4.35,,55.62,241.68,-68.20,0.354,0.345,0.000,2.711,0.733,0.360,0,0,0,0,0,0,,,,,,,,,,,,Y,
594,599,592,Josh Doan,BUF,RW,1,1,3.63,2.00,3.65,1.50,66.25,240.64,-68.52,0.270,0.319,0.000,2.085,1.030,0.325,0,0,0,3,2,0,,,,,,,,,,,,Y,
595,601,594,Ryan Hartman,MIN,RW,1,1,3.49,0.25,3.64,0.00,68.79,239.86,-69.29,0.248,0.227,0.000,1.965,0.921,0.955,0,0,0,0,1,0,,,,,,,,,,,,Y,
596,587,602,Zach Whitecloud,CGY,D,1,1,2.33,1.00,2.40,0.00,70.39,164.20,-70.02,0.047,0.164,0.000,0.841,1.624,1.607,0,0,0,0,2,1,,,,,,,,,,,,Y,
597,602,589,Zach Benson,BUF,LW,1,1,3.53,4.50,3.47,3.50,67.76,239.02,-70.86,0.210,0.424,0.019,1.798,0.689,0.406,0,1,0,1,2,1,,,,,,,,,,,,Y,
598,603,598,Mats Zuccarello,LAK,RW,1,1,3.66,0.00,3.81,0.00,65.12,238.27,-70.89,0.222,0.497,0.000,1.685,0.315,0.497,0,0,0,0,0,0,,,,,,,,,,,,Y,
599,604,595,Gabriel Landeskog,COL,"LW,RW",1,1,3.76,5.50,3.75,5.00,63.33,237.81,-71.34,0.262,0.320,0.000,2.003,1.304,0.570,1,0,0,1,0,1,,,,,,,,,,,,Y,
600,589,603,Parker Wotherspoon,VGK,D,2,2,2.44,0.62,2.64,0.25,66.56,162.58,-71.63,0.044,0.261,0.017,0.813,1.622,1.226,0,0,0,1,1,1,,,,,,,,,,,,Y,
601,605,596,Tyler Bertuzzi,CHI,"LW,RW",2,2,3.30,0.62,3.49,0.50,71.88,236.97,-72.18,0.279,0.287,0.000,1.749,0.674,0.273,0,0,0,2,1,0,,,,,,,,,,,,Y,
602,591,606,Sam Rinzel,CHI,D,2,2,2.64,1.62,2.71,1.00,61.06,161.42,-72.80,0.087,0.211,0.000,1.706,0.874,1.095,0,0,0,4,1,2,,,,,,,,,,,,Y,
603,606,601,Pavel Buchnevich,STL,"C,LW,RW",1,1,3.29,0.00,3.43,0.00,71.43,235.26,-73.90,0.229,0.370,0.008,1.642,0.401,0.434,0,0,0,0,0,0,,,,,,,,,,,,Y,
604,610,591,Joseph Woll,PHI,G,1,2,6.49,9.30,5.97,9.30,31.35,203.35,-74.61,,,,,,,,,,,,,1,0.382,0.512,24.729,2.592,0.041,0,41,3,0,0.932,Y,
605,596,607,Ian Cole,CHI,D,2,2,2.20,0.50,2.40,0.00,72.50,159.29,-74.93,0.034,0.182,0.012,0.580,0.859,1.941,0,0,0,0,0,2,,,,,,,,,,,,Y,
606,597,609,Carter Yakemchuk,OTT,D,0,0,2.29,,2.29,,69.50,158.90,-75.31,0.069,0.173,0.009,1.204,0.990,1.181,0,0,0,0,0,0,,,,,,,,,,,,Y,
607,600,614,Denton Mateychuk,CBJ,D,1,1,2.47,4.00,2.45,4.00,63.33,156.72,-77.49,0.087,0.264,0.000,1.233,0.367,1.172,0,1,0,2,0,0,,,,,,,,,,,,Y,
608,609,605,Gavin McKenna,TOR,LW,2,2,3.40,0.50,3.63,0.50,68.16,231.48,-78.41,0.237,0.337,0.000,2.214,0.334,0.257,0,0,0,2,0,0,,,,,,,,,,,,Y,
609,612,610,Mackie Samoskevich,SEA,RW,0,1,3.50,,3.50,,65.78,230.09,-79.07,0.225,0.259,0.000,2.089,1.797,0.433,0,0,0,0,0,0,,,,,,,,,,,,Y,
610,613,611,Matt Duchene,DAL,"C,RW",0,1,3.62,,3.62,,63.52,229.85,-79.31,0.234,0.508,0.000,1.521,0.441,0.339,0,0,0,0,0,0,,,,,,,,,,,,Y,
611,616,604,Anthony Stolarz,TOR,G,1,2,6.97,9.80,6.87,9.80,28.17,196.45,-81.51,,,,,,,,,,,,,1,0.343,0.450,28.637,3.107,0.047,1,26,1,0,0.963,Y,
612,615,613,Jake Neighbours,STL,"LW,RW",1,1,3.24,0.75,3.34,0.50,70.11,226.92,-82.23,0.197,0.297,0.000,1.345,2.062,0.540,0,0,0,1,1,0,,,,,,,,,,,,Y,
613,607,616,Marek Alscher,FLA,D,0,2,2.46,,2.46,,61.68,151.44,-82.77,0.065,0.220,0.009,1.197,1.091,1.230,0,0,0,0,0,0,,,,,,,,,,,,Y,
614,619,608,Alex Nedeljkovic,SJS,G,0,1,6.40,,6.40,,30.20,193.33,-84.63,,,,,,,,,,,,,0,0.364,0.497,26.319,3.067,0.028,0,0,0,0,,Y,
615,608,618,Zeev Buium,VAN,D,2,2,2.12,1.50,2.12,1.00,70.11,148.67,-85.54,0.062,0.269,0.000,1.150,0.307,0.763,0,0,0,4,0,2,,,,,,,,,,,,Y,
616,621,612,Akira Schmid,FLA,G,1,2,6.12,4.40,6.12,4.40,31.35,191.96,-86.00,,,,,,,,,,,,,1,0.382,0.512,24.208,2.837,0.054,0,28,4,0,0.875,Y,
617,611,619,Kaiden Guhle,MTL,D,0,1,3.06,,3.06,,48.09,146.94,-87.27,0.068,0.229,0.008,1.162,2.070,1.892,0,0,0,0,0,0,,,,,,,,,,,,Y,
618,618,615,Egor Chinakhov,PIT,"LW,RW",1,1,3.72,6.25,3.65,6.00,59.47,221.09,-88.06,0.304,0.298,0.000,2.102,0.857,0.380,1,0,0,3,1,0,,,,,,,,,,,,Y,
619,620,617,Igor Chernyshov,SJS,"LW,RW",1,1,3.17,1.00,3.24,0.50,69.35,219.79,-89.36,0.226,0.306,0.003,1.623,0.659,0.502,0,0,0,1,0,1,,,,,,,,,,,,Y,
620,614,624,Drew Doughty,LAK,D,1,1,2.42,4.50,2.35,3.50,59.47,143.82,-90.40,0.063,0.244,0.017,1.199,0.681,1.204,0,1,0,1,0,2,,,,,,,,,,,,Y,
621,622,622,Jack Roslovic,TOR,"C,RW",2,2,3.13,3.00,3.10,2.50,69.66,217.86,-91.29,0.255,0.229,0.000,1.927,0.563,0.371,0,1,0,4,2,1,,,,,,,,,,,,Y,
622,617,626,John Marino,UTA,D,1,1,2.25,0.50,2.33,0.50,62.30,140.47,-93.75,0.041,0.384,0.020,0.737,0.302,0.867,0,0,0,1,0,0,,,,,,,,,,,,Y,
623,624,620,Nico Daws,NJD,G,0,1,6.34,,6.34,,28.53,181.01,-96.96,,,,,,,,,,,,,0,0.344,0.532,24.383,2.792,0.075,0,0,0,0,,Y,
624,625,621,Justus Annunen,NSH,G,0,1,6.33,,6.33,,28.53,180.54,-97.42,,,,,,,,,,,,,0,0.344,0.461,26.331,3.052,0.032,0,0,0,0,,Y,
625,628,623,Pyotr Kochetkov,CAR,G,0,2,6.07,,6.07,,29.63,179.76,-98.20,,,,,,,,,,,,,0,0.361,0.663,21.308,2.471,0.052,0,0,0,0,,Y,
626,623,625,Roman Kantserov,CHI,C,2,2,3.15,0.62,3.33,0.25,68.16,214.51,-99.58,0.239,0.249,0.000,2.097,0.584,0.257,0,0,0,1,3,0,,,,,,,,,,,,Y,
627,626,628,Ryan Nugent-Hopkins,EDM,"C,LW",0,2,3.66,,3.66,,56.89,208.08,-101.80,0.243,0.426,0.019,1.825,0.342,0.499,0,0,0,0,0,0,,,,,,,,,,,,Y,
628,629,629,Tyson Foerster,PHI,"LW,RW",2,2,3.34,1.25,3.47,0.75,61.41,205.03,-104.13,0.280,0.182,0.000,1.882,0.940,0.710,0,0,0,3,2,1,,,,,,,,,,,,Y,
629,630,627,Philipp Grubauer,SEA,G,0,1,6.09,,6.09,,28.53,173.69,-104.27,,,,,,,,,,,,,0,0.344,0.399,26.136,3.019,0.023,0,0,0,0,,Y,
630,631,631,Ivar Stenberg,SJS,LW,1,1,2.94,0.00,3.07,0.00,68.32,200.77,-109.12,0.200,0.283,0.000,1.924,0.364,0.277,0,0,0,0,0,0,,,,,,,,,,,,Y,
631,627,633,Dante Fabbro,CBJ,D,0,1,2.36,,2.36,,52.89,124.78,-109.43,0.068,0.137,0.000,1.048,0.915,1.783,0,0,0,0,0,0,,,,,,,,,,,,Y,
632,634,630,Adin Hill,VGK,G,0,2,5.58,,5.58,,29.63,165.46,-112.50,,,,,,,,,,,,,0,0.361,0.509,21.657,2.587,0.049,0,0,0,0,,Y,
633,632,632,Konsta Helenius,BUF,C,1,1,2.94,6.00,2.84,5.50,68.32,200.70,-113.39,0.213,0.257,0.000,1.682,0.761,0.355,1,0,0,2,2,0,,,,,,,,,,,,Y,
634,633,637,Ilya Protas,WSH,LW,1,1,2.84,3.00,2.88,3.00,68.32,193.71,-116.18,0.193,0.295,0.000,1.545,0.490,0.378,0,1,0,0,0,0,,,,,,,,,,,,Y,
635,635,639,Brad Marchand,FLA,"LW,RW",0,2,4.26,,4.26,,45.08,191.84,-117.31,0.333,0.398,0.006,2.285,0.884,0.380,0,0,0,0,0,0,,,,,,,,,,,,Y,
636,637,634,Alex Lyon,BUF,G,0,1,6.77,,6.77,,23.44,158.77,-119.19,,,,,,,,,,,,,0,0.282,0.577,25.968,2.925,0.059,0,0,0,0,,Y,
637,638,635,Dylan Garand,NYR,G,1,3,6.40,12.60,6.19,12.60,24.75,158.52,-119.44,,,,,,,,,,,,,1,0.306,0.515,24.485,2.696,0.070,1,22,0,1,1.000,N,no preseason projection; position default used as prior
638,639,636,Arvid Soderblom,CHI,G,1,2,5.97,1.80,6.19,1.80,26.53,158.50,-119.46,,,,,,,,,,,,,1,0.324,0.476,24.930,3.071,0.046,0,26,6,0,0.812,N,no preseason projection; position default used as prior
639,640,638,Devin Cooley,CGY,G,0,1,6.29,,6.29,,25.10,157.85,-120.11,,,,,,,,,,,,,0,0.302,0.399,26.716,2.989,0.022,0,0,0,0,,Y,
640,636,641,James Hagens,BOS,C,2,2,2.80,3.50,2.75,2.75,68.16,191.09,-123.00,0.213,0.239,0.000,1.614,0.504,0.387,1,0,0,2,2,2,,,,,,,,,,,,Y,
641,643,640,Casey DeSmith,DAL,G,0,1,6.35,,6.35,,24.27,154.05,-123.91,,,,,,,,,,,,,0,0.292,0.592,23.435,2.595,0.046,0,0,0,0,,Y,
642,642,645,Troy Terry,ANA,RW,0,1,4.59,,4.59,,39.81,182.56,-126.59,0.312,0.551,0.040,2.560,0.057,0.310,0,0,0,0,0,0,,,,,,,,,,,,Y,
643,644,642,Devon Levi,EDM,G,1,2,5.66,0.50,6.19,0.50,26.53,150.18,-127.78,,,,,,,,,,,,,1,0.324,0.515,23.707,3.133,0.046,1,15,7,0,0.682,N,no preseason projection; position default used as prior
644,645,648,Gabe Perreault,NYR,RW,3,3,3.00,3.67,2.94,3.00,59.20,177.80,-131.35,0.216,0.292,0.002,1.461,0.597,0.550,1,1,0,3,2,3,,,,,,,,,,,,Y,
645,646,643,Samuel Montembeault,MTL,G,0,1,6.24,,6.24,,23.44,146.18,-131.79,,,,,,,,,,,,,0,0.282,0.549,24.783,2.964,0.040,0,0,0,0,,Y,
646,647,644,Jordan Binnington,STL,G,0,1,5.81,,5.81,,25.10,145.90,-132.06,,,,,,,,,,,,,0,0.302,0.432,24.613,2.989,0.041,0,0,0,0,,Y,
647,641,652,Rasmus Sandin,WSH,D,0,1,2.98,,2.98,,34.16,101.68,-132.53,0.066,0.331,0.000,1.149,1.168,1.642,0,0,0,0,0,0,,,,,,,,,,,,Y,
648,648,646,Michael DiPietro,BOS,G,0,2,6.60,,6.60,,21.79,143.93,-134.03,,,,,,,,,,,,,0,0.266,0.534,26.522,3.083,0.043,0,0,0,0,,Y,
649,649,647,Filip Gustavsson,MIN,G,0,1,6.85,,6.85,,20.94,143.49,-134.47,,,,,,,,,,,,,0,0.252,0.544,26.372,2.876,0.062,0,0,0,0,,Y,
650,651,649,Daniil Tarasov,DET,G,0,1,5.97,,5.97,,23.44,139.88,-138.08,,,,,,,,,,,,,0,0.282,0.470,24.664,2.925,0.028,0,0,0,0,,Y,
651,653,650,Dennis Hildeby,TBL,G,0,1,6.32,,6.32,,21.77,137.56,-140.40,,,,,,,,,,,,,0,0.262,0.562,23.872,2.681,0.051,0,0,0,0,,Y,
652,654,651,Semyon Varlamov,NYI,G,0,1,6.07,,6.07,,22.60,137.19,-140.77,,,,,,,,,,,,,0,0.272,0.492,24.672,2.869,0.020,0,0,0,0,,Y,
653,652,653,Alex Formenton,EDM,LW,2,2,2.46,3.00,2.37,2.00,68.16,167.41,-142.48,0.143,0.169,0.019,1.529,1.166,0.415,0,1,0,2,6,1,,,,,,,,,,,,Y,
654,650,654,Viggo Bjorck,WPG,C,1,1,2.47,1.00,2.51,1.00,68.32,168.55,-145.54,0.147,0.252,0.000,1.644,0.364,0.277,0,0,0,2,0,0,,,,,,,,,,,,Y,
655,657,655,Leevi Merilainen,VAN,G,1,2,5.75,2.00,6.19,2.00,21.71,124.89,-153.07,,,,,,,,,,,,,0,0.265,0.476,23.152,2.758,0.046,0,10,1,0,0.909,N,no preseason projection; position default used as prior
656,656,658,Nikita Klepov,ANA,RW,0,1,2.38,,2.38,,64.37,152.87,-156.28,0.151,0.194,0.000,1.728,0.401,0.300,0,0,0,0,0,0,,,,,,,,,,,,Y,
657,655,657,Michael Misa,SJS,C,1,1,2.78,2.25,2.74,2.00,56.84,157.74,-156.35,0.184,0.280,0.000,1.554,0.374,0.471,0,0,0,4,1,0,,,,,,,,,,,,Y,
658,658,656,Frederik Andersen,EDM,G,0,2,5.88,,5.88,,20.24,119.04,-158.92,,,,,,,,,,,,,0,0.247,0.494,24.340,2.979,0.026,0,0,0,0,,Y,
659,659,659,Thatcher Demko,VAN,G,0,2,6.07,,6.07,,15.59,94.66,-183.30,,,,,,,,,,,,,0,0.190,0.370,26.409,3.094,0.044,0,0,0,0,,Y,
